"MUSEUM","SP","lineage","lineage25","CODE_correct","SEX","sp_lin","linAK","SVL","TRL","HL","PL","HW","HH","MO","FLL","HLL","HS"
"648","NHMLondon","Lacerta viridis","adriatic","adriatic","1967.629","F","Lacerta_viridis_adriatic","adriatic",118.25,60.88,38.2,23.08,15.07,14.54,21.28,39.08,56.3735714285714,20.3039408981214
"649","NHMLondon","Lacerta viridis","adriatic","adriatic","1970.1422","F","Lacerta_viridis_adriatic","adriatic",95.36,51.36,27.54,20.3,13.76,12.3,18.37,30.02,44.28,16.7043338221039
"650","NHMLondon","Lacerta viridis","adriatic","adriatic","1970.1423","F","Lacerta_viridis_adriatic","adriatic",102.26,53.55,32.9,22.18,15.07,12.01,20.19,33.45,50.43,18.1252519651061
"652","NHMLondon","Lacerta viridis","adriatic","adriatic","1970.1425","F","Lacerta_viridis_adriatic","adriatic",92.98,46.27,30.28,20.63,12.96,11.26,18.75,29.23,43.76,16.4096664805264
"657","ZFMK Bonn","Lacerta viridis","adriatic","adriatic","99543","F","Lacerta_viridis_adriatic","adriatic",129,65.5,40.21,28.56,17.91,15.29,25.27,40.53,69.79,22.2473889754345
"658","ZFMK Bonn","Lacerta viridis","adriatic","adriatic","99544","F","Lacerta_viridis_adriatic","adriatic",126.5,65.1,39.39,27.15,17.26,14.72,23.86,10.14,70.09,21.5498802275128
"659","ZFMK Bonn","Lacerta viridis","adriatic","adriatic","36016","F","Lacerta_viridis_adriatic","adriatic",100.67,51.91,32.22,21.59,14.12,11.82,18.81,33.95,56.64,17.519669256282
"661","ZFMK Bonn","Lacerta viridis","adriatic","adriatic","3501","F","Lacerta_viridis_adriatic","adriatic",106.58,55.16,33.22,22.67,14.54,12.77,20.35,33.3,55,18.3393938476469
"1068","NHMWien","Lacerta viridis","adriatic","adriatic","19179.1","F","Lacerta_viridis_adriatic","adriatic",129,70.91,41.64,28.02,18.76,14.97,24.59,43.59,72.09,22.698044950555
"1070","NHMWien","Lacerta viridis","adriatic","adriatic","19179.3","F","Lacerta_viridis_adriatic","adriatic",128,69.8,42.97,28.09,17.69,15.19,24.94,41.18,68.42,22.6021795265336
"1074","NHMWien","Lacerta viridis","adriatic","adriatic","10849.1","F","Lacerta_viridis_adriatic","adriatic",114.53,64,32.67,23.08,14.97,13.58,21.15,35.7,53.24,18.7970732976139
"1075","NHMWien","Lacerta viridis","adriatic","adriatic","10849.2","F","Lacerta_viridis_adriatic","adriatic",104.13,59.35,28.6,21.69,14.05,12.86,18.36,33.2,51.04,17.2886510483801
"1078","NHMWien","Lacerta viridis","adriatic","adriatic","10845.4","F","Lacerta_viridis_adriatic","adriatic",106.7,54.22,31.46,22.6,15.47,13.73,20.69,33.01,53.48,18.8353280995355
"1079","NHMWien","Lacerta viridis","adriatic","adriatic","10845.3","F","Lacerta_viridis_adriatic","adriatic",111.66,64.57,30.28,23.3,16.25,14.42,20.97,33.36,52.49,19.2157865318518
"1081","NHMWien","Lacerta viridis","adriatic","adriatic","10845.7","F","Lacerta_viridis_adriatic","adriatic",95.15,51.17,30,19.77,12.8,11.56,17.89,30.35,48.48,16.4347468727276
"653","NHMLondon","Lacerta viridis","adriatic","adriatic","99.2.23.2","M","Lacerta_viridis_adriatic","adriatic",101.64,49.82,33.94,24.04,16.4,13.77,21.73,31.33,50.94,19.7165023756494
"654","ZFMK Bonn","Lacerta viridis","adriatic","adriatic","13127","M","Lacerta_viridis_adriatic","adriatic",113.95,54.21,40.58,29.14,19.24,16.95,26.08,42.62,65.17,23.653510461684
"655","ZFMK Bonn","Lacerta viridis","adriatic","adriatic","92197","M","Lacerta_viridis_adriatic","adriatic",116.07,60.64,38.14,27.56,19.17,16.56,24.2,39.13,66.65,22.9625991566
"656","ZFMK Bonn","Lacerta viridis","adriatic","adriatic","99542","M","Lacerta_viridis_adriatic","adriatic",101.38,48.76,32.8,24.19,16.2,14.25,22.5,34.7,63.39,19.6366729749248
"660","ZFMK Bonn","Lacerta viridis","adriatic","adriatic","3500","M","Lacerta_viridis_adriatic","adriatic",103.24,50.43,34.07,25.2,16.86,15.39,22.24,32.7,51.91,20.6770911019701
"1069","NHMWien","Lacerta viridis","adriatic","adriatic","19179.2","M","Lacerta_viridis_adriatic","adriatic",120,57.51,44.41,30.14,20.23,16.85,26.77,41.73,69.76,24.7376735300151
"1071","NHMWien","Lacerta viridis","adriatic","adriatic","19179.4","M","Lacerta_viridis_adriatic","adriatic",107.76,50.02,38.89,27.35,17.23,14.2,23.98,39.19,66.32,21.1903040537767
"1072","NHMWien","Lacerta viridis","adriatic","adriatic","19179.5","M","Lacerta_viridis_adriatic","adriatic",104.88,48.94,36.49,25.07,15.89,13.52,21.55,37.6,65.19,19.8651333198399
"1076","NHMWien","Lacerta viridis","adriatic","adriatic","10849.3","M","Lacerta_viridis_adriatic","adriatic",107.19,51.38,36.19,24.63,16.66,14.6,23.3,36.42,56.86,20.6477220507439
"1077","NHMWien","Lacerta viridis","adriatic","adriatic","10849.7","M","Lacerta_viridis_adriatic","adriatic",114.75,56.01,40.74,26.86,19.7,17.48,24.57,36.56,57.73,24.118088977301
"1082","NHMWien","Lacerta viridis","adriatic","adriatic","10846.9","M","Lacerta_viridis_adriatic","adriatic",111.16,56.21,39.82,28.71,18.57,15.65,25,35.36,58.55,22.6191267259361
"1083","NHMWien","Lacerta viridis","adriatic","adriatic","10846.11","M","Lacerta_viridis_adriatic","adriatic",94.18,44.35,31.96,23.61,16.11,14.89,20.63,30.17,50.96,19.7181274596956
"1085","NHMWien","Lacerta viridis","adriatic","adriatic","10846.2","M","Lacerta_viridis_adriatic","adriatic",118.71,51.73,42.44,28.51,20.95,18.35,26.6,37.45,57.41,25.362875529751
"7","NHMLondon","Lacerta agilis","agilis","agilis","1887.8.25.1","F","Lacerta_agilis_agilis","agilis",95.39,55.26,28.02,18.72,13.17,12.45,16.57,27.66,38.16,16.6242126583619
"8","NHMLondon","Lacerta agilis","agilis","agilis","1887.8.25.2","F","Lacerta_agilis_agilis","agilis",88.55,51.38,25.11,17.08,12.4,11.8,15.5,24.63,34.76,15.4306232720871
"10","NHMLondon","Lacerta agilis","agilis","agilis","1887.8.25.4","F","Lacerta_agilis_agilis","agilis",86.31,47.33,23.98,16.97,12.65,11.74,14.9,22.76,33.21,15.2710629383331
"40","NHMLondon","Lacerta agilis","argus","agilis","1885.7.15.7","F","Lacerta_agilis_agilis","agilis",85.73,46.81,23.61,17.56,11.31,9.95,15.53,24.98,34.74,13.8503439205261
"51","NMPrague","Lacerta agilis","argus","agilis","73894","F","Lacerta_agilis_agilis","agilis",85.17,46.73,25.67,16.35,11.73,9.5,14.8,24.45,36.11,14.1954499241855
"82","ZSM Munich","Lacerta agilis","argus","agilis","2117/2006","F","Lacerta_agilis_agilis","agilis",95.02,56.17,26.78,18.02,13.1,11.92,16.74,27.84,38.19,16.1108841439643
"83","ZSM Munich","Lacerta agilis","argus","agilis","2118/2006","F","Lacerta_agilis_agilis","agilis",90.62,51.66,25.49,17.07,12,10.45,15.09,24.75,33.78,14.7306685370221
"96","NMPrague","Lacerta agilis","argus","agilis","34688/2","F","Lacerta_agilis_agilis","agilis",86.07,46.77,24.87,17.33,11.48,10.45,15.65,23.37,32.64,14.3960933654034
"104","NMPrague","Lacerta agilis","argus","agilis","34693/1","F","Lacerta_agilis_agilis","agilis",86.1,43.96,27.44,18.22,12.03,10.78,16.36,25.24,37.12,15.2670864598139
"106","NMPrague","Lacerta agilis","argus","agilis","34698","F","Lacerta_agilis_agilis","agilis",85.47,46.34,24.12,17.8,12.23,10.9,16.3,24.82,35.43,14.7596735777283
"179","MNCN","Lacerta agilis","garzoni","agilis","32206","F","Lacerta_agilis_agilis","agilis",74.15,38.76,23.04,15.6,11.22,9.05,13.51,22.11,29.75,13.2752070573213
"180","MNCN","Lacerta agilis","garzoni","agilis","32207","F","Lacerta_agilis_agilis","agilis",86.03,46.64,25.1,17.28,12.17,10.12,15.3,25,33.54,14.5673851934567
"974","NHMWien","Lacerta agilis","argus","agilis","10770.2","F","Lacerta_agilis_agilis","agilis",84.97,44.98,26.39,17.53,12.41,11.38,15.98,23.9,33.74,15.5042636373464
"975","NHMWien","Lacerta agilis","argus","agilis","10770.3","F","Lacerta_agilis_agilis","agilis",94.39,49.8,27.23,18.69,13.36,11.27,17.55,26.42,35.45,16.0051348831347
"977","NHMWien","Lacerta agilis","argus","agilis","10770.5","F","Lacerta_agilis_agilis","agilis",85.46,46.86,24.24,16.86,11.38,10.21,15.45,22.78,32.53,14.1221300491243
"11","NHMLondon","Lacerta agilis","agilis","agilis","19116.4.18.1","M","Lacerta_agilis_agilis","agilis",82.08,39.58,29,20.58,15.42,12.87,18.61,26.7,36.16,17.9206451142253
"12","NHMLondon","Lacerta agilis","agilis","agilis","19116.4.18.2","M","Lacerta_agilis_agilis","agilis",82.59,41.23,29.07,20.09,14.64,13.29,18.27,25.66,38.02,17.817100504339
"13","NHMLondon","Lacerta agilis","agilis","agilis","19116.4.18.3","M","Lacerta_agilis_agilis","agilis",86.6,43.33,30.16,20.9,14.91,13.55,18.89,26.44,38.71,18.2648492443586
"30","NHMLondon","Lacerta agilis","argus","agilis","1890.2.10.1","M","Lacerta_agilis_agilis","agilis",84.8,42.41,28.32,18.9,13.49,11.67,16.46,26.73,38.24,16.4585669428416
"44","NMPrague","Lacerta agilis","argus","agilis","34700/1","M","Lacerta_agilis_agilis","agilis",81,40.75,27.35,18.85,13.78,11.87,15.8,24.03,35.32,16.477288876468
"47","NMPrague","Lacerta agilis","argus","agilis","35646","M","Lacerta_agilis_agilis","agilis",84.8,43.16,28,19.19,14.8,12.87,17.54,26.09,37.97,17.4716034708543
"90","NMPrague","Lacerta agilis","argus","agilis","32370","M","Lacerta_agilis_agilis","agilis",76.44,37.11,25.96,18.67,12.76,11.52,16.88,24.29,34.09,15.6267721742046
"109","NMPrague","Lacerta agilis","argus","agilis","34716/1","M","Lacerta_agilis_agilis","agilis",72.95,33.96,25.94,18.21,12.85,11.73,15.85,24.79,35.14,15.7539829281951
"116","NMPrague","Lacerta agilis","argus","agilis","34716/7","M","Lacerta_agilis_agilis","agilis",77.23,38.77,27.45,19.35,13.37,12.51,16.96,23.67,34.43,16.6204848416471
"141","NMPrague","Lacerta agilis","chersonensis","agilis","34717/3","M","Lacerta_agilis_agilis","agilis",72.85,33.61,24.04,18.02,13.06,11.74,16.31,22.87,32.19,15.4471576565882
"170","MNCN","Lacerta agilis","garzoni","agilis","32197","M","Lacerta_agilis_agilis","agilis",91.08,48.25,27.14,18.73,13.78,12.3,16.6,25.9,35.76,16.6311159257174
"973","NHMWien","Lacerta agilis","argus","agilis","10770.1","M","Lacerta_agilis_agilis","agilis",71.66,31.6,24.23,17.68,12.07,10.76,16.05,24.89,34.51,14.6540494204941
"990","NHMWien","Lacerta agilis","chersonensis","agilis","10794.2","M","Lacerta_agilis_agilis","agilis",84,38.56,30.26,19.94,14.39,12.02,18.17,26.53,42.84,17.3624654725337
"994","NHMWien","Lacerta agilis","chersonensis","agilis","10794.6","M","Lacerta_agilis_agilis","agilis",74.91,36.24,26.45,18.26,12.75,11.43,16.41,24.14,37.33,15.6793250582052
"1002","NHMWien","Lacerta agilis","chersonensis","agilis","10794.20","M","Lacerta_agilis_agilis","agilis",77.31,37.73,26.4,17.94,11.63,10.76,15.6,22.72,35.2,14.8935640567716
"259","NHMLondon","Lacerta bilineata","bilineata","bilineata","1916.10.4.1","F","Lacerta_bilineata_bilineata","bilineata",123.24,66.48,37.72,24.9,16.7,14.28,21.7,39.7,65.78,20.7972280576312
"264","NHMLondon","Lacerta bilineata","bilineata","bilineata","1916.10.4.6","F","Lacerta_bilineata_bilineata","bilineata",118,65.41,34.38,23.87,15.57,14.35,20.62,36.17,61.74,19.7309863135589
"268","MNHN Paris","Lacerta bilineata","bilineata","bilineata","1980.2027","F","Lacerta_bilineata_bilineata","bilineata",121.74,69.44,33.15,24.32,16.35,13.84,21.76,31.11,53.36,19.575481802364
"272","MNHN Paris","Lacerta bilineata","bilineata","bilineata","1980.2035","F","Lacerta_bilineata_bilineata","bilineata",106.25,59.0528571428571,29.44,21.43,13.73,12.13,18.47,32.23,53.33,16.9885526809727
"275","MNHN Paris","Lacerta bilineata","bilineata","bilineata","1993.1732","F","Lacerta_bilineata_bilineata","bilineata",102.45,57.55,32.79,22.13,14.71,13.53,19.83,29.85,47.88,18.6874751718033
"277","ZFMK Bonn","Lacerta bilineata","bilineata","bilineata","20403","F","Lacerta_bilineata_bilineata","bilineata",112.46,58.64,33.97,24.12,15.23,12.81,21.37,38.1,63.97,18.7837165769438
"290","ZFMK Bonn","Lacerta bilineata","bilineata","bilineata","3477","F","Lacerta_bilineata_bilineata","bilineata",108.35,57.09,31.64,21.95,14.81,12.62,19.54,31.92,52.43,18.083547423394
"291","ZFMK Bonn","Lacerta bilineata","bilineata","bilineata","3478","F","Lacerta_bilineata_bilineata","bilineata",106.24,57.36,30.36,23.17,15.55,13.87,21,32.6,54.9,18.7083810602015
"297","NHMLondon","Lacerta bilineata","bilineata","bilineata","1901.1.11.5","F","Lacerta_bilineata_bilineata","bilineata",118.24,65.09,35.31,24.17,14.73,13.3,21.87,36.74,62.41,19.053906735908
"299","NHMLondon","Lacerta bilineata","bilineata","bilineata","1903.7.3.1","F","Lacerta_bilineata_bilineata","bilineata",102.42,54.15,32.56,21.33,13.66,11.25,18.53,34.32,54.26,17.1039285115831
"300","NHMLondon","Lacerta bilineata","bilineata","bilineata","1903.7.3.2","F","Lacerta_bilineata_bilineata","bilineata",96.53,49.41,30.36,21.12,12.67,11.2,18.16,31.2,50.45,16.2716702634265
"310","ZFMK Bonn","Lacerta bilineata","bilineata","bilineata","93855","F","Lacerta_bilineata_bilineata","bilineata",99.73,51.49,28.76,21.17,14.26,12.6,18.65,31.61,49.22,17.2885930126739
"326","MNCN","Lacerta bilineata","bilineata","bilineata","33580","F","Lacerta_bilineata_bilineata","bilineata",106.44,53.52,34.27,22.88,15.23,13.75,19.42,32.04,50.84,19.2888159271077
"330","MNCN","Lacerta bilineata","bilineata","bilineata","39905","F","Lacerta_bilineata_bilineata","bilineata",105.49,55.13,33.26,23.16,13.55,11.54,19.2,33.1,51.32,17.3256332226649
"338","NHMLondon","Lacerta bilineata","bilineata","bilineata","1925.10.16.4","F","Lacerta_bilineata_bilineata","bilineata",120.2,65.98,34.72,24.45,16.93,14.92,25.86,41.97,61.47,20.6222081418216
"255","ZFMK Bonn","Lacerta bilineata","bilineata","bilineata","20404","M","Lacerta_bilineata_bilineata","bilineata",116.25,56.5,39.06,27.87,17.05,15.35,24.07,39.17,64.64,21.7030947967025
"256","ZFMK Bonn","Lacerta bilineata","bilineata","bilineata","6274","M","Lacerta_bilineata_bilineata","bilineata",126.71,60.33,44.73,31,20.68,18.66,28.61,43.02,72.92,25.8436404729748
"258","ZFMK Bonn","Lacerta bilineata","bilineata","bilineata","6276","M","Lacerta_bilineata_bilineata","bilineata",111.76,53.54,39.42,27.39,17.73,15.47,24.22,39.23,65.85,22.1125361756223
"260","NHMLondon","Lacerta bilineata","bilineata","bilineata","1916.10.4.2","M","Lacerta_bilineata_bilineata","bilineata",123.85,61.92,41.78,30.28,21.07,18.42,26.28,39.1,66.1,25.3108967584714
"265","NHMLondon","Lacerta bilineata","bilineata","bilineata","1928.12.8.44","M","Lacerta_bilineata_bilineata","bilineata",117.41,54.66,38.86,30.05,20.18,18.31,26.24,39.52,67.52,24.3054743253633
"278","ZFMK Bonn","Lacerta bilineata","bilineata","bilineata","29247","M","Lacerta_bilineata_bilineata","bilineata",103.61,50.14,31.92,25.13,16.09,14.13,23.33,34.24,57.98,19.3606691237326
"280","NMPrague","Lacerta bilineata","bilineata","bilineata","73961","M","Lacerta_bilineata_bilineata","bilineata",108.52,53.73,39.72,27.96,19.08,18.45,24.85,33.64,56.89,24.0913605276183
"293","ZFMK Bonn","Lacerta bilineata","bilineata","bilineata","50466","M","Lacerta_bilineata_bilineata","bilineata",103.87,53.14,33.16,24.16,16.06,13.49,21.26,32.96,55.07,19.2955577881578
"302","NHMLondon","Lacerta bilineata","bilineata","bilineata","1965.1025","M","Lacerta_bilineata_bilineata","bilineata",111.77,58.74,37.15,27.64,17.55,15.23,23.36,37.78,61.6,21.4937378373165
"305","ZFMK Bonn","Lacerta bilineata","bilineata","bilineata","3493","M","Lacerta_bilineata_bilineata","bilineata",106.85,50.21,38.89,27.07,17.38,16.9,24.82,37.12,63.6,22.521197195918
"312","ZFMK Bonn","Lacerta bilineata","bilineata","bilineata","93858","M","Lacerta_bilineata_bilineata","bilineata",90.03,43.1,31.09,22.9,13.55,11.65,19.87,32.45,53.03,16.9939882722409
"334","MNCN","Lacerta bilineata","bilineata","bilineata","40219","M","Lacerta_bilineata_bilineata","bilineata",98.8,43.17,35.04,23.76,17.81,14.13,21.36,31.54,52.66,20.6596706064155
"335","MNCN","Lacerta bilineata","bilineata","bilineata","40220","M","Lacerta_bilineata_bilineata","bilineata",87.4,42.94,28.83,20.79,14.16,12.73,18.24,29.79,50.77,17.3212315135757
"353","NHMLondon","Lacerta bilineata","bilineata","bilineata","1965.462","M","Lacerta_bilineata_bilineata","bilineata",111.07,57.39,37.82,26.6,17.7,14.84,23.56,34.65,58.26,21.4969195226009
"355","NHMLondon","Lacerta bilineata","chloronota","bilineata","86.11.16.1","M","Lacerta_bilineata_bilineata","bilineata",110.36,53.13,37.45,26.87,17.13,15.51,23.47,34.64,61.23,21.5083450100529
"148","NHMLondon","Lacerta agilis","exigua","brevicaudata","1904.11.1.1","F","Lacerta_agilis_brevicaudata","brevicaudata",90.69,45.77,26.96,17.54,12.73,11.87,16,23.87,36.06,15.971032869483
"149","NHMLondon","Lacerta agilis","exigua","brevicaudata","1904.11.1.2","F","Lacerta_agilis_brevicaudata","brevicaudata",92.63,50.73,27.57,18.04,13.2,12.06,6.6,25.82,36.19,16.3726634616558
"160","MNHN Paris","Lacerta agilis","exigua","brevicaudata","1896.191","F","Lacerta_agilis_brevicaudata","brevicaudata",82.73,47.85,22.7,15.37,10.1,9.24,14.14,21.28,32.19,12.8431947291631
"161","MNHN Paris","Lacerta agilis","exigua","brevicaudata","1896.193","F","Lacerta_agilis_brevicaudata","brevicaudata",82.4,47.87,22.75,15.18,9.84,8.63,13.76,22.84,32.93,12.4545803375642
"162","MNHN Paris","Lacerta agilis","exigua","brevicaudata","1896.194","F","Lacerta_agilis_brevicaudata","brevicaudata",85.41,48.56,23.97,15.9,10.3,9.24,14.19,23.58,33.23,13.1641375034907
"163","NHMLondon","Lacerta agilis","exigua","brevicaudata","1891.3.18.1","F","Lacerta_agilis_brevicaudata","brevicaudata",82.23,44.05,25.22,16.35,11.45,9.8,14.9,24.4,34.07,14.1446503019809
"168","NHMLondon","Lacerta agilis","exigua","brevicaudata","1905.10.11.20","F","Lacerta_agilis_brevicaudata","brevicaudata",85.6,49.03,24.38,16.43,10.84,9.48,14.7,23.95,35.2,13.5817929949506
"169","NHMLondon","Lacerta agilis","exigua","brevicaudata","1905.10.11.21","F","Lacerta_agilis_brevicaudata","brevicaudata",82.23,43.53,24.71,16.67,11.06,9.59,14.88,25.3,35.7,13.7873931530393
"233","ZSM Munich","Lacerta agilis","tauridica","brevicaudata","110/1976/12","F","Lacerta_agilis_brevicaudata","brevicaudata",89.25,47.48,25.96,17.59,11.98,9.81,14.73,24.96,38.48,14.5036342028201
"235","ZSM Munich","Lacerta agilis","tauridica","brevicaudata","110/1976/16","F","Lacerta_agilis_brevicaudata","brevicaudata",82.44,43.52,24.18,16.05,10.89,8.96,14.91,22.51,33.31,13.3126361374692
"236","ZSM Munich","Lacerta agilis","tauridica","brevicaudata","110/1976/2","F","Lacerta_agilis_brevicaudata","brevicaudata",84.33,46.4,24.93,17.07,12.33,10.68,15.36,22.97,34.5,14.8622833171944
"240","ZSM Munich","Lacerta agilis","tauridica","brevicaudata","110/1976/7","F","Lacerta_agilis_brevicaudata","brevicaudata",83.13,43.97,25.26,16.18,11.81,10.02,14.45,24.04,32.47,14.4051235818839
"242","ZSM Munich","Lacerta agilis","tauridica","brevicaudata","110/1976/9","F","Lacerta_agilis_brevicaudata","brevicaudata",82.18,46.62,23.52,16.51,11.72,10.08,14.22,25.35,34.69,14.0585917772238
"246","ZSM Munich","Lacerta agilis","tauridica","brevicaudata","111/1976/12","F","Lacerta_agilis_brevicaudata","brevicaudata",81.81,42.46,24,16.23,11.74,9.73,14.58,24.02,34.57,13.995789209835
"970","NHMWien","Lacerta agilis","exigua","brevicaudata","24780.3","F","Lacerta_agilis_brevicaudata","brevicaudata",95.11,53.66,24,18.02,11.67,10.73,15.25,27.7,39.48,14.4309173679804
"145","NHMLondon","Lacerta agilis","exigua","brevicaudata","1886.1.23.16","M","Lacerta_agilis_brevicaudata","brevicaudata",84.87,42.83,28.28,18.27,13.89,12.98,16.62,24.68,36.37,17.2115023746616
"151","ZSM Munich","Lacerta agilis","exigua","brevicaudata","118/1976/1","M","Lacerta_agilis_brevicaudata","brevicaudata",79.66,39.98,25.37,17.7,12.83,10.79,16.21,23.42,34.27,15.2004410493559
"158","NHMLondon","Lacerta agilis","exigua","brevicaudata","1886.1.23.35","M","Lacerta_agilis_brevicaudata","brevicaudata",78.1,40.18,24.69,17.27,12.19,10.69,15.18,23.7,34.9,14.7627579883423
"159","MNHN Paris","Lacerta agilis","exigua","brevicaudata","1896.190","M","Lacerta_agilis_brevicaudata","brevicaudata",90,49.28,27.61,18.83,12.94,12.31,17.6,24.8,38.46,16.3839863938576
"165","NHMLondon","Lacerta agilis","exigua","brevicaudata","1965.351","M","Lacerta_agilis_brevicaudata","brevicaudata",86.27,46.19,26.45,19.05,13.55,11.51,16.73,24.9,37.71,16.0378728149372
"234","ZSM Munich","Lacerta agilis","tauridica","brevicaudata","110/1976/14","M","Lacerta_agilis_brevicaudata","brevicaudata",91.55,45.79,30.32,20.85,15.35,12.85,19.25,27.51,39.68,18.1515438079501
"237","ZSM Munich","Lacerta agilis","tauridica","brevicaudata","110/1976/3","M","Lacerta_agilis_brevicaudata","brevicaudata",85.14,42.41,28.63,19.2,13.74,11.76,17.6,26.68,38.88,16.6624349711672
"238","ZSM Munich","Lacerta agilis","tauridica","brevicaudata","110/1976/4","M","Lacerta_agilis_brevicaudata","brevicaudata",84.24,43.58,26.56,17.7,13.6,11.49,16.12,26.02,38.2,16.0704856961062
"239","ZSM Munich","Lacerta agilis","tauridica","brevicaudata","110/1976/6","M","Lacerta_agilis_brevicaudata","brevicaudata",82.84,42.05,27.64,19.89,13.67,12.22,17.65,25.84,36.91,16.6517258846954
"241","ZSM Munich","Lacerta agilis","tauridica","brevicaudata","110/1976/8","M","Lacerta_agilis_brevicaudata","brevicaudata",86.71,44.55,28.24,19.58,14.2,12.08,17.16,26.2,39.22,16.9202453824138
"243","ZSM Munich","Lacerta agilis","tauridica","brevicaudata","111/1976/1","M","Lacerta_agilis_brevicaudata","brevicaudata",88.16,44.49,30,21.01,15.12,13.07,19.58,26.36,40.11,18.0987901473505
"244","ZSM Munich","Lacerta agilis","tauridica","brevicaudata","111/1976/10","M","Lacerta_agilis_brevicaudata","brevicaudata",99.79,49.48,32.86,22.93,16.71,14.73,21.75,31.82,43.23,20.0731525572839
"245","ZSM Munich","Lacerta agilis","tauridica","brevicaudata","111/1976/11","M","Lacerta_agilis_brevicaudata","brevicaudata",85.33,40.95,28.04,18.9,13.4,11.46,17.65,26.17,38.78,16.2688107971245
"249","ZSM Munich","Lacerta agilis","tauridica","brevicaudata","111/1976/6","M","Lacerta_agilis_brevicaudata","brevicaudata",82.79,39.35,28.81,19.1,13.54,11.92,17.27,24.85,37.3,16.6908860688965
"252","NHMLondon","Lacerta agilis","tauridica","brevicaudata","1928.12.8.29","M","Lacerta_agilis_brevicaudata","brevicaudata",74.2,36,25.74,17.31,11.79,10.96,16.11,23.23,33.84,14.9271753300082
"565","ZFMK Bonn","Lacerta trilineata","diplochondrodes","diplochondrodes","37862","F","Lacerta_trilineata_diplochondrodes","diplochondrodes",112.35,56.88,34.32,23.61,15.43,13.41,21.7,37.81,60.8,19.2212072311333
"566","ZFMK Bonn","Lacerta trilineata","diplochondrodes","diplochondrodes","56738","F","Lacerta_trilineata_diplochondrodes","diplochondrodes",121.81,64.55,37.78,24.5,16.64,15.08,22.65,39.19,66.97,21.1643794380877
"567","ZFMK Bonn","Lacerta trilineata","diplochondrodes","diplochondrodes","56744","F","Lacerta_trilineata_diplochondrodes","diplochondrodes",110.05,57.33,35.85,22.91,15.57,13.42,20.49,35.87,60.86,19.5663625373988
"568","ZFMK Bonn","Lacerta trilineata","diplochondrodes","diplochondrodes","58013","F","Lacerta_trilineata_diplochondrodes","diplochondrodes",106.1,55.81,29.86,21.87,14.89,11.55,20.43,35.43,60.3,17.2526374123213
"572","ZFMK Bonn","Lacerta trilineata","diplochondrodes","diplochondrodes","6366","F","Lacerta_trilineata_diplochondrodes","diplochondrodes",136.5,70.9,41.75,27.81,17.14,16.83,25.67,39.66,71.44,22.9218924841962
"573","ZFMK Bonn","Lacerta trilineata","diplochondrodes","diplochondrodes","6367","F","Lacerta_trilineata_diplochondrodes","diplochondrodes",122.43,60.86,37.75,25.78,17.68,14.4,24.02,40.38,70.43,21.2611737314122
"574","NMPrague","Lacerta trilineata","diplochondrodes","diplochondrodes","71467","F","Lacerta_trilineata_diplochondrodes","diplochondrodes",116.04,62.21,39.61,25.46,16.36,14.5,23.5,39.34,69.94,21.1017617180907
"1034","NHMWien","Lacerta trilineata","diplochondrodes","diplochondrodes","20327.1","F","Lacerta_trilineata_diplochondrodes","diplochondrodes",125.08,64.65,40.35,25.95,15.74,13.9,24.13,41.27,71.54,20.6674877607637
"558","ZFMK Bonn","Lacerta trilineata","diplochondrodes","diplochondrodes","3322","M","Lacerta_trilineata_diplochondrodes","diplochondrodes",108.17,56.45,33.39,24.68,17.12,15.83,21.86,35.66,61.5,20.8385276914681
"559","ZFMK Bonn","Lacerta trilineata","diplochondrodes","diplochondrodes","3323","M","Lacerta_trilineata_diplochondrodes","diplochondrodes",114.27,55.93,37.64,26.05,17.83,15.85,23.6,40.09,63.9,21.9926084121599
"560","ZFMK Bonn","Lacerta trilineata","diplochondrodes","diplochondrodes","3324","M","Lacerta_trilineata_diplochondrodes","diplochondrodes",120.97,57.61,40.56,27.44,19.24,16.92,25.45,40.54,65.53,23.6356630968132
"561","ZFMK Bonn","Lacerta trilineata","diplochondrodes","diplochondrodes","3325","M","Lacerta_trilineata_diplochondrodes","diplochondrodes",120,56.16,42.19,27.25,18.08,16.15,24.64,40.04,68.4,23.0954711360405
"562","MNHN Paris","Lacerta trilineata","diplochondrodes","diplochondrodes","1926.10","M","Lacerta_trilineata_diplochondrodes","diplochondrodes",139.76,65.96,48.4,29,24.42,20.68,29.91,39.13,61.5,29.0210988116134
"563","MNHN Paris","Lacerta trilineata","diplochondrodes","diplochondrodes","1926.9","M","Lacerta_trilineata_diplochondrodes","diplochondrodes",118.7,57.52,41.45,27.52,19.36,16.53,25.35,38.25,66.07,23.6719615722395
"564","NHMLondon","Lacerta trilineata","diplochondrodes","diplochondrodes","1974.5156","M","Lacerta_trilineata_diplochondrodes","diplochondrodes",144,63.72,48.93,33.03,23.25,20.39,29.85,44.6,80.65,28.5192740353251
"569","ZFMK Bonn","Lacerta trilineata","diplochondrodes","diplochondrodes","6325","M","Lacerta_trilineata_diplochondrodes","diplochondrodes",112.44,55.28,37.62,27.73,17.97,17.51,25.36,34.42,65.58,22.7903505219609
"570","ZFMK Bonn","Lacerta trilineata","diplochondrodes","diplochondrodes","6327","M","Lacerta_trilineata_diplochondrodes","diplochondrodes",110.77,52.55,36.13,27.54,17.49,16.32,25.65,38.75,66.66,21.7667025155487
"571","ZFMK Bonn","Lacerta trilineata","diplochondrodes","diplochondrodes","6365","M","Lacerta_trilineata_diplochondrodes","diplochondrodes",140,64.81,47.94,31.51,20.97,18.73,28.94,46.36,76.64,26.6038656422427
"365","ZFMK Bonn","Lacerta media","israelica","israelica","19087","F","Lacerta_media_israelica","israelica",124.07,71.06,35.63,26.38,16.91,14.53,24.78,36.64,67.55,20.609858721705
"372","ZFMK Bonn","Lacerta media","israelica","israelica","38233","F","Lacerta_media_israelica","israelica",112.58,61.22,34.34,23.81,14.3,12.87,21.44,38.62,62.94,18.4886396676837
"423","ZFMK Bonn","Lacerta media","wolterstorffi","israelica","60945","F","Lacerta_media_israelica","israelica",116.35,64.1,36.09,24.25,15.355,13.4766666666667,21.9,39.25,62.29,19.5466827001601
"424","ZFMK Bonn","Lacerta media","wolterstorffi","israelica","71149","F","Lacerta_media_israelica","israelica",122.7,68.3,34.57,25.03,16.5,14.05,22.58,39.05,64.75,20.0118182234375
"427","ZFMK Bonn","Lacerta media","wolterstorffi","israelica","82642","F","Lacerta_media_israelica","israelica",129,77.41,32.9,24.9,16.8,14.31,22.58,37.4,62.075,19.9242326613168
"428","NHMLondon","Lacerta media","wolterstorffi","israelica","1909.4.20.11","F","Lacerta_media_israelica","israelica",110.14,59.7,32.93,21.58,13.88,12.87,19.78,34.18,58.32,18.0517751166894
"430","NHMLondon","Lacerta media","wolterstorffi","israelica","1909.4.20.13","F","Lacerta_media_israelica","israelica",103.63,52.71,30.21,20.8,13.74,12.23,19.85,33.33,56.6,17.1865209454519
"364","ZFMK Bonn","Lacerta media","israelica","israelica","19086","M","Lacerta_media_israelica","israelica",122.16,60.51,43.09,30.2,20.83,18.44,27.96,38.24,65.87,25.4844673151499
"366","NHMLondon","Lacerta media","israelica","israelica","1924.2.20.9","M","Lacerta_media_israelica","israelica",112.82,51.87,43.7,30.67,20.55,22.03,27.14,40.96,63.39,27.0459715449593
"367","NHMLondon","Lacerta media","israelica","israelica","64.8.23.1","M","Lacerta_media_israelica","israelica",113.37,56.64,37.62,26.4,18.2,17.85,23.64,36.53,64.76,23.0343591062463
"368","NHMLondon","Lacerta media","israelica","israelica","64.8.23.2","M","Lacerta_media_israelica","israelica",119.16,60.3,40.28,28.81,18.85,18.34,25.66,36.42,68.42,24.0583985950996
"369","ZFMK Bonn","Lacerta media","israelica","israelica","6368","M","Lacerta_media_israelica","israelica",124,61.05,46.3,31.43,18.3,16.82,29.52,42.45,75.3,24.2448419539258
"370","NHMLondon","Lacerta media","israelica","israelica","81.6.6.18","M","Lacerta_media_israelica","israelica",118,62.31,40.67,28.63,18.74,17.88,25.57,39.66,71.62,23.8856514798153
"371","NHMLondon","Lacerta media","israelica","israelica","1909.4.20.10","M","Lacerta_media_israelica","israelica",126,61.25,45.55,31.55,19.76,19.19,27.97,38.76,73.83,25.8493780838994
"418","NHMLondon","Lacerta media","wolterstorffi","israelica","1933.11.19.13","M","Lacerta_media_israelica","israelica",115.14,53.87,40.55,27.6,18.44,19.18,24.94,38.07,64.64,24.2959261800756
"419","NHMLondon","Lacerta media","wolterstorffi","israelica","1957.1.12.1","M","Lacerta_media_israelica","israelica",133,63.24,49.75,32.58,19.6321428571429,18.3807142857143,26.635,43.02,73.45,26.1843054380456
"420","NHMLondon","Lacerta media","wolterstorffi","israelica","1957.1.12.2","M","Lacerta_media_israelica","israelica",132,61.78,47.32,31.79,22.5,21.1,29.44,42.11,74.19,28.2165061055381
"421","NHMLondon","Lacerta media","wolterstorffi","israelica","1957.1.12.4","M","Lacerta_media_israelica","israelica",115.45,56.17,41.05,29.06,20.27,19.17,26.84,36.4,61.97,25.1726927129817
"422","NHMLondon","Lacerta media","wolterstorffi","israelica","1957.1.12.5","M","Lacerta_media_israelica","israelica",117.55,58.42,40.68,27.81,20.55,18.88,27.24,37.75,65.49,25.08408440611
"425","ZFMK Bonn","Lacerta media","wolterstorffi","israelica","75886","M","Lacerta_media_israelica","israelica",117,53.38,39.51,28.71,22.36,16.36,27.78,38.76,64.47,24.3586964124018
"426","ZFMK Bonn","Lacerta media","wolterstorffi","israelica","75887","M","Lacerta_media_israelica","israelica",112.67,55.06,39.62,26.38,18.14,16.22,25.46,37.96,67.44,22.6743163336687
"429","NHMLondon","Lacerta media","wolterstorffi","israelica","1909.4.20.12","M","Lacerta_media_israelica","israelica",109.87,54.48,37.36,25.61,17.36,15.87,23.73,35.61,63.62,21.7525998931985
"926","NHMLondon","Timon kurdistanicus","kurdistanicus","kurdistanicus","1961.1518","F","Timon_kurdistanicus_kurdistanicus","kurdistanicus",109.6,47.45,39.28,25.61,17.08,12.22,23.03,35.35,61.25,20.1640075072534
"929","ZFMK Bonn","Timon kurdistanicus","kurdistanicus","kurdistanicus","31435","F","Timon_kurdistanicus_kurdistanicus","kurdistanicus",103.25,51.74,31.41,22.23,16.25,13.56,20.06,37.06,61,19.0572543516639
"930","ZFMK Bonn","Timon kurdistanicus","kurdistanicus","kurdistanicus","39605","F","Timon_kurdistanicus_kurdistanicus","kurdistanicus",115.4,62.34,35.8,24.36,16.95,13.15,22.5,38.2,67.79,19.9829450438909
"931","ZFMK Bonn","Timon kurdistanicus","kurdistanicus","kurdistanicus","39606","F","Timon_kurdistanicus_kurdistanicus","kurdistanicus",110.2,56.77,32.98,23.43,15.65,12.23,21.36,33.58,59.78,18.4812134685234
"932","ZFMK Bonn","Timon kurdistanicus","kurdistanicus","kurdistanicus","39607","F","Timon_kurdistanicus_kurdistanicus","kurdistanicus",109.12,60.18,31.9,22.42,16.3,12.08,19.52,36.14,59.38,18.4507945888109
"1089","NHMWien","Timon kurdistanicus","kurdistanicus","kurdistanicus","18543.5","F","Timon_kurdistanicus_kurdistanicus","kurdistanicus",117.87,58.78,40.91,26.4,17.46,12.98,24.03,33.85,65.77,21.007907851743
"1092","NHMWien","Timon kurdistanicus","kurdistanicus","kurdistanicus","18544.2","F","Timon_kurdistanicus_kurdistanicus","kurdistanicus",118.5,61.91,35.5,25.54,16.52,13.72,22.94,38.32,68.1,20.0384520247118
"1093","NHMWien","Timon kurdistanicus","kurdistanicus","kurdistanicus","18544.3","F","Timon_kurdistanicus_kurdistanicus","kurdistanicus",107.61,53,35.8,23.61,15.51,11.98,21.45,34.68,65.8,18.8068999495499
"1094","NHMWien","Timon kurdistanicus","kurdistanicus","kurdistanicus","18544.4","F","Timon_kurdistanicus_kurdistanicus","kurdistanicus",129,64.48,40.56,28.74,18.97,15,25.9,41.93,71.23,22.5988069435719
"1095","NHMWien","Timon kurdistanicus","kurdistanicus","kurdistanicus","18545.1","F","Timon_kurdistanicus_kurdistanicus","kurdistanicus",124,66.12,36.03,25.92,17.53,14.07,23.53,36.29,62.15,20.7131790121807
"925","ZFMK Bonn","Timon kurdistanicus","kurdistanicus","kurdistanicus","94463","M","Timon_kurdistanicus_kurdistanicus","kurdistanicus",125.34,58.57,43.35,29.53,19.18,15.36,26.17,41.46,70.23,23.3745346463831
"927","ZFMK Bonn","Timon kurdistanicus","kurdistanicus","kurdistanicus","22066","M","Timon_kurdistanicus_kurdistanicus","kurdistanicus",105,53.18,35.35,25.14,16.03,13.06,22.6,34.5,62.49,19.4874660895751
"928","ZFMK Bonn","Timon kurdistanicus","kurdistanicus","kurdistanicus","29245","M","Timon_kurdistanicus_kurdistanicus","kurdistanicus",123,59.75,40.39,28.89,20.46,16.72,25.5,39.51,67.55,23.9959851895359
"933","ZFMK Bonn","Timon kurdistanicus","kurdistanicus","kurdistanicus","41363","M","Timon_kurdistanicus_kurdistanicus","kurdistanicus",125.31,60.26,42.44,30.01,20.54,16.11,26.98,40.61,67.03,24.1262848815342
"1086","NHMWien","Timon kurdistanicus","kurdistanicus","kurdistanicus","18543.1","M","Timon_kurdistanicus_kurdistanicus","kurdistanicus",119.88,57.28,41.84,27.27,18.63,15.21,24.32,33.67,69.9,22.8022611330911
"1091","NHMWien","Timon kurdistanicus","kurdistanicus","kurdistanicus","18544.1","M","Timon_kurdistanicus_kurdistanicus","kurdistanicus",111.05,53.72,38.36,25.7,17,13.77,23.178,36.13,69.05,20.7851814448228
"1096","NHMWien","Timon kurdistanicus","kurdistanicus","kurdistanicus","18545.2","M","Timon_kurdistanicus_kurdistanicus","kurdistanicus",124,60.54,40.04,29.98,20.37,18.14,27.49,42.05,73.21,24.5493949862169
"788","ZFMK Bonn","Timon lepidus","lepidus","lepidus","29244","F","Timon_lepidus_lepidus","lepidus",164,83.47,49.48,34.74,25.9,20.03,31.39,49.04,73.64,29.4987401396267
"791","ZFMK Bonn","Timon lepidus","lepidus","lepidus","36044","F","Timon_lepidus_lepidus","lepidus",170,86.7,53.55,38.2,27.35,19.44,34,53.45,83.03,30.5354521734525
"798","ZFMK Bonn","Timon lepidus","lepidus","lepidus","26533","F","Timon_lepidus_lepidus","lepidus",171,82.93,52.39,38.63,27.13,20.85,35.18,55.14,85.92,30.9457788207885
"811","MNCN","Timon lepidus","lepidus","lepidus","11973","F","Timon_lepidus_lepidus","lepidus",169,86.09,54.85,38.96,28.46,22.35,34.02,51.39,91.98,32.6760600150149
"813","MNCN","Timon lepidus","lepidus","lepidus","11975","F","Timon_lepidus_lepidus","lepidus",177,82.29,56.67,40.58,30.09,24.83,35.08,54.93,89.55,34.8538458948692
"816","MNCN","Timon lepidus","lepidus","lepidus","32494","F","Timon_lepidus_lepidus","lepidus",180,90.06,59.39,41.85,29.46,23.14,37.03,54.75,86.87,34.3375897419015
"817","MNCN","Timon lepidus","lepidus","lepidus","32497","F","Timon_lepidus_lepidus","lepidus",173,86.08,53.56,38.1,26.42,20.68,34.27,56.11,82.6,30.8158845707757
"823","MNCN","Timon lepidus","lepidus","lepidus","32537","F","Timon_lepidus_lepidus","lepidus",174,92.65,47.65,35.42,23.29,19.94,30.96,49.76,80,28.0749623482369
"825","MNCN","Timon lepidus","lepidus","lepidus","32540","F","Timon_lepidus_lepidus","lepidus",175,87.16,51.28,35.72,26.04,19.12,30.69,52.9,82.22,29.4459539194644
"826","MNCN","Timon lepidus","lepidus","lepidus","32541","F","Timon_lepidus_lepidus","lepidus",179,96.56,55.36,38.67,26.74,21.82,33.75,56.19,88.33,31.8471624754306
"846","MNCN","Timon lepidus","lepidus","lepidus","32829","F","Timon_lepidus_lepidus","lepidus",172,88.35,53.36,37.27,26.23,20.86,35.52,53.17,83.23,30.7923479219482
"853","MNCN","Timon lepidus","lepidus","lepidus","32928","F","Timon_lepidus_lepidus","lepidus",188,93.85,59.39,40.17,29.57,22.36,34.96,58,88.47,33.9895553350215
"856","MNCN","Timon lepidus","lepidus","lepidus","32933","F","Timon_lepidus_lepidus","lepidus",170,79.73,55.13,36.75,26.75,23.24,32.48,56.27,88.21,32.4824890599289
"858","MNHN Paris","Timon lepidus","lepidus","lepidus","0.49","F","Timon_lepidus_lepidus","lepidus",165,80.2,50.57,38.2,26.03,18.31,34.37,54.53,82.55,28.8858502433078
"859","ZSM Munich","Timon lepidus","lepidus","lepidus","104/1982","F","Timon_lepidus_lepidus","lepidus",178.5,91.24,56.1,39.78,26.92,19.36,34.5,55.2,83.08,30.8068828155376
"790","ZFMK Bonn","Timon lepidus","lepidus","lepidus","36043","M","Timon_lepidus_lepidus","lepidus",205,92.36,73.6,53.11,40.35,29.11,50.49,65.05,99.04,44.2168553611254
"797","ZFMK Bonn","Timon lepidus","lepidus","lepidus","40524","M","Timon_lepidus_lepidus","lepidus",206,89.1,74.96,55.95,42,27.48,50.19,63.83,95.57,44.2281253943303
"800","ZFMK Bonn","Timon lepidus","lepidus","lepidus","3560","M","Timon_lepidus_lepidus","lepidus",209,78.5,83.83,58.78,42.46,32.81,56.44,65.21,107.97,48.8797034183693
"804","ZSM Munich","Timon lepidus","lepidus","lepidus","69/1976/1","M","Timon_lepidus_lepidus","lepidus",221,103.94,81.35,60.5,43.7,33.81,55.97,66,108.34,49.3508595997345
"805","ZSM Munich","Timon lepidus","lepidus","lepidus","69/1976/2","M","Timon_lepidus_lepidus","lepidus",201,89.01,73.55,54.59,40.89,31.9,50.76,62.83,104.46,45.7787036453646
"808","MNCN","Timon lepidus","lepidus","lepidus","6120","M","Timon_lepidus_lepidus","lepidus",248,102.71,95.95,71.22,54.02,40.09,63.38,73.87,116.8,59.2304735774505
"820","MNCN","Timon lepidus","lepidus","lepidus","32528","M","Timon_lepidus_lepidus","lepidus",200,85.98,71.27,51.85,39.29,29.43,45.66,64.52,99.03,43.5170736639746
"827","MNCN","Timon lepidus","lepidus","lepidus","32545","M","Timon_lepidus_lepidus","lepidus",203,85.78,73.44,53.41,40.49,30.13,46,64.94,103.33,44.7465811610315
"829","MNCN","Timon lepidus","lepidus","lepidus","32686","M","Timon_lepidus_lepidus","lepidus",215,93.69,86.57,58.45,44.45,35.88,54.33,67.59,103.05,51.6849228570396
"833","MNCN","Timon lepidus","lepidus","lepidus","32706","M","Timon_lepidus_lepidus","lepidus",203,96.9,69.85,52.28,39.58,31.97,46.23,62.02,98.82,44.5445879076672
"857","MNCN","Timon lepidus","lepidus","lepidus","37277","M","Timon_lepidus_lepidus","lepidus",205,87.77,76.89,58.95,28.45,37.18,53.45,63.3,98.39,43.3265231186598
"860","ZFMK Bonn","Timon lepidus","lepidus","lepidus","3556","M","Timon_lepidus_lepidus","lepidus",221,94.01,86.85,66.21,48.81,39.6,59.49,67.36,106.74,55.1642780458387
"861","ZFMK Bonn","Timon lepidus","lepidus","lepidus","3558","M","Timon_lepidus_lepidus","lepidus",207,83.83,80.85,65.5,46.47,40.21,54.38,66.3,104.31,53.2593166585549
"862","ZFMK Bonn","Timon lepidus","lepidus","lepidus","3561","M","Timon_lepidus_lepidus","lepidus",196,88.17,69.39,54.38,43.27,33.41,49.63,57,90.38,46.4643735396904
"864","ZSM Munich","Timon lepidus","lepidus","lepidus","67/1976","M","Timon_lepidus_lepidus","lepidus",208,96.8,80.33,58.9,42.85,36.73,53.85,66.03,108.33,50.1899204331962
"373","NHMLondon","Lacerta media","media","media","1961.1571","F","Lacerta_media_media","media",113.77,60.93,33.15,22.06,14.15,12.73,20.68,34.62,55.37,18.1421794658584
"380","ZFMK Bonn","Lacerta media","media","media","97399","F","Lacerta_media_media","media",110.83,60.19,31.94,20.37,14.68,12.39,19.01,30.49,50.88,17.9767325786625
"381","ZFMK Bonn","Lacerta media","media","media","97400","F","Lacerta_media_media","media",107.75,58.35,31.81,21.42,13.93,12.5,20.47,31.27,49.51,17.6932765701049
"385","ZFMK Bonn","Lacerta media","media","media","17815","F","Lacerta_media_media","media",106.14,56.54,31.13,23.08,15,11.96,21.56,34.47,56.23,17.7419160437715
"386","ZFMK Bonn","Lacerta media","media","media","24702","F","Lacerta_media_media","media",100.91,52.83,29.65,20.78,13.7,11.25,19.08,31.23,57.5330769230769,16.5945671605413
"389","ZFMK Bonn","Lacerta media","media","media","71588","F","Lacerta_media_media","media",130,74.63,38.51,25.97,17.05,15.44,24.3,39.84,67.27,21.642880722551
"390","NMPrague","Lacerta media","media","media","72832","F","Lacerta_media_media","media",120,61.98,37.45,26.17,18.03,15.3,24,35.75,57.36,21.7794208271338
"391","ZFMK Bonn","Lacerta media","media","media","87357","F","Lacerta_media_media","media",110.88,54.22,34.25,22.91,14.21,12.28,21.46,35.4,56.02,18.1475362890214
"394","ZFMK Bonn","Lacerta media","media","media","94528","F","Lacerta_media_media","media",110.93,55.75,36.89,24.06,15.71,13.86,22.15,35.68,59.11,20.0270057962687
"395","ZFMK Bonn","Lacerta media","media","media","94529","F","Lacerta_media_media","media",109.69,53.68,35.04,22.77,15.23,13.4,20.43,37.64,61,19.2659132192331
"401","ZSM Munich","Lacerta media","media","media","1122/2005","F","Lacerta_media_media","media",102.13,55.35,30.61,21.26,13.98,12.13,20.51,32.43,57.45,17.3145191065389
"403","ZSM Munich","Lacerta media","media","media","1264/2005","F","Lacerta_media_media","media",110.6,61.76,31.6,22.77,15.31,13.3,20.8,33.45,60.04,18.5996442680645
"407","ZSM Munich","Lacerta media","media","media","2421/2005","F","Lacerta_media_media","media",111.5,55.97,35.52,22.6,15.22,13.32,21.25,36.56,62.38,19.3106671485209
"409","ZFMK Bonn","Lacerta media","media","media","45451","F","Lacerta_media_media","media",108.59,56.02,31.71,23.9,15.35,12.75,21.41,34.73,55.31,18.3768725011105
"374","ZFMK Bonn","Lacerta media","media","media","97392","M","Lacerta_media_media","media",109.41,53.36,35,23.78,17.06,15.64,23.14,34.22,57.51,21.0585245779244
"375","ZFMK Bonn","Lacerta media","media","media","97393","M","Lacerta_media_media","media",108.48,53.14,34.93,24.33,16.16,14.97,22.23,34.12,54.08,20.3682592516512
"383","ZFMK Bonn","Lacerta media","media","media","14057","M","Lacerta_media_media","media",112.9,53.65,38.37,25.31,16.8,14.53,24,36.13,55.8,21.0792699225179
"387","NHMLondon","Lacerta media","media","media","1905.10.14.23","M","Lacerta_media_media","media",119,59.53,40.51,28.92,18.5,16.54,26.24,37.5,66.43,23.1431867022912
"388","NHMLondon","Lacerta media","media","media","1905.10.14.24","M","Lacerta_media_media","media",124,57.22,43.9,29.8,20.01,17.8,28.12,41.3,69.51,25.0059794763871
"392","ZFMK Bonn","Lacerta media","media","media","94524","M","Lacerta_media_media","media",130,58.6,45.85,31.2,18.84,18.85,28.64,40.21,65.15,25.3460642248607
"393","ZFMK Bonn","Lacerta media","media","media","94525","M","Lacerta_media_media","media",123,56.44,41.66,28.76,18.11,18.22,28.76,39.33,64.85,23.9549551926512
"396","ZFMK Bonn","Lacerta media","media","media","94530","M","Lacerta_media_media","media",120,49.94,42.4,28.8,18.83,17,25.47,40.44,67.02,23.8536604367016
"397","ZFMK Bonn","Lacerta media","media","media","94532","M","Lacerta_media_media","media",128.5,64.91,41.67,29.55,20.22,18.56,28.25,39.92,67.32,25.0069585664211
"398","ZFMK Bonn","Lacerta media","media","media","94535","M","Lacerta_media_media","media",131,60.46,43.44,30.42,20.72,19.24,28.6,41.33,68.48,25.8718933191863
"399","NHMLondon","Lacerta media","media","media","1960.1.4.25","M","Lacerta_media_media","media",116,53.08,39.59,27.65,16.92,15.96,25.94,36.31,62.1,22.0295816166385
"400","ZSM Munich","Lacerta media","media","media","0736/2005","M","Lacerta_media_media","media",124.14,58.4,42.33,29.93,19.93,18.67,27.34,40.5,67.25,25.0668615143682
"402","ZSM Munich","Lacerta media","media","media","1123/2005","M","Lacerta_media_media","media",112.83,56.5,36.95,26.17,17.27,15.86,23.55,37.41,64.33,21.6306707989851
"405","ZFMK Bonn","Lacerta media","media","media","13927","M","Lacerta_media_media","media",115.93,54.54,37.7,26.37,16.9,16.94,25.65,38,63.97,22.0994002144027
"410","ZFMK Bonn","Lacerta media","media","media","7792","M","Lacerta_media_media","media",118.63,61.03,36.51,29.16,19.37,17.34,27.53,37.54,65.58,23.06022368244
"668","ZSM Munich","Lacerta viridis","meridionalis","meridionalis","1054/2005","F","Lacerta_viridis_meridionalis","meridionalis",98.5,50.69,31.41,20.91,13.4,11.65,18.87,32.88,52.81,16.9889375548922
"669","ZSM Munich","Lacerta viridis","meridionalis","meridionalis","1079/2005","F","Lacerta_viridis_meridionalis","meridionalis",88.67,45.53,28.83,19.22,12.89,10.71,17.51,27.3,45.68,15.8475577670558
"670","ZSM Munich","Lacerta viridis","meridionalis","meridionalis","1092/2005","F","Lacerta_viridis_meridionalis","meridionalis",99.23,53.23,31.98,21.18,14.29,12.47,19.28,29.91,47.28,17.8618202213897
"675","NHMLondon","Lacerta viridis","meridionalis","meridionalis","1961.466","F","Lacerta_viridis_meridionalis","meridionalis",97.37,50.08,29.49,21.55,14.06,12.65,19.2,30.93,50.39,17.374682330165
"677","ZSM Munich","Lacerta viridis","meridionalis","meridionalis","2117/2005","F","Lacerta_viridis_meridionalis","meridionalis",111.39,61.45,32.4,24.7,15.57,14.92,22,34.55,55.76,19.5975064160761
"680","ZFMK Bonn","Lacerta viridis","meridionalis","meridionalis","45772","F","Lacerta_viridis_meridionalis","meridionalis",105.27,58.07,31.88,21.3,14.05,12.45,19.63,31.11,49.15,17.7332360933041
"685","ZFMK Bonn","Lacerta viridis","meridionalis","meridionalis","56908","F","Lacerta_viridis_meridionalis","meridionalis",93.22,49.3,29.73,21.2,13.2371428571429,11.3442857142857,18.52,29.13,44.95,16.4660251225593
"687","ZFMK Bonn","Lacerta viridis","meridionalis","meridionalis","71054","F","Lacerta_viridis_meridionalis","meridionalis",93.51,46.08,30.27,20.48,14.1,11.6,18.86,31.32,51.5,17.0436722562183
"1047","NHMWien","Lacerta viridis","meridionalis","meridionalis","34820.5","F","Lacerta_viridis_meridionalis","meridionalis",81.59,40.23,27.66,17.7,11.92,9.18,16.11,28.09,44.76,14.4651753999018
"1048","NHMWien","Lacerta viridis","meridionalis","meridionalis","34819.1","F","Lacerta_viridis_meridionalis","meridionalis",91.45,48.4,27.82,19.36,12.78,11.18,17.75,27.53,47.71,15.8407811636488
"1049","NHMWien","Lacerta viridis","meridionalis","meridionalis","34819.3","F","Lacerta_viridis_meridionalis","meridionalis",87.4,44.16,28.81,18.69,12.1,9.97,16.53,27.82,45.28,15.1475105030876
"1051","NHMWien","Lacerta viridis","meridionalis","meridionalis","34819.5","F","Lacerta_viridis_meridionalis","meridionalis",92.83,43.67,30.79,20.62,12.59,10.14,17.97,30.58,50.91,15.7818456415327
"1052","NHMWien","Lacerta viridis","meridionalis","meridionalis","34819.6","F","Lacerta_viridis_meridionalis","meridionalis",83.38,40.24,25.59,17.81,11.44,9.5,15.79,26.44,45.55,14.0628487301173
"1053","NHMWien","Lacerta viridis","meridionalis","meridionalis","18926.1","F","Lacerta_viridis_meridionalis","meridionalis",99.04,50.52,30.57,21.36,13.54,11.29,19.02,31.51,51.85,16.7187068058255
"1054","NHMWien","Lacerta viridis","meridionalis","meridionalis","18926.3","F","Lacerta_viridis_meridionalis","meridionalis",96.11,47.89,31.04,20.41,12.59,11.11,17.96,27.62,49.81,16.3137511720017
"666","ZFMK Bonn","Lacerta viridis","meridionalis","meridionalis","6293","M","Lacerta_viridis_meridionalis","meridionalis",111.68,51.03,28.8,27.78,18.67,16.83,25.13,37.72,65.1,20.8388448169306
"667","ZFMK Bonn","Lacerta viridis","meridionalis","meridionalis","6294","M","Lacerta_viridis_meridionalis","meridionalis",106.09,49.6,35.2,25.66,16.88,15.27,22.19,34.38,60.78,20.8569778989536
"671","ZSM Munich","Lacerta viridis","meridionalis","meridionalis","193/1985","M","Lacerta_viridis_meridionalis","meridionalis",91.17,41.07,32.55,22.98,14.75,12.35,20.9,29.78,52.9335714285714,18.0996422250537
"678","ZFMK Bonn","Lacerta viridis","meridionalis","meridionalis","38609","M","Lacerta_viridis_meridionalis","meridionalis",92.13,45.17,31.18,23.1,14.31,12.32,20.87,30.5,49.05,17.6485413769981
"681","ZSM Munich","Lacerta viridis","meridionalis","meridionalis","529/1979/1","M","Lacerta_viridis_meridionalis","meridionalis",93.67,41.13,32.57,24.13,16.21,14.36,21.02,33.49,56.83,19.6449866389459
"682","ZFMK Bonn","Lacerta viridis","meridionalis","meridionalis","56703","M","Lacerta_viridis_meridionalis","meridionalis",88.79,43.22,31.78,22.2,14.88,12.34,19.76,29.61,51.36,18.0035159551561
"683","ZFMK Bonn","Lacerta viridis","meridionalis","meridionalis","56764","M","Lacerta_viridis_meridionalis","meridionalis",83.2,35.42,33.14,22.2,14.84,14.17,20.2,28.81,47.13,19.1008232168051
"684","ZFMK Bonn","Lacerta viridis","meridionalis","meridionalis","56784","M","Lacerta_viridis_meridionalis","meridionalis",99.42,47.46,33.02,25.78,18.5,15.9,23.03,30.71,50.63,21.3361132173898
"686","ZFMK Bonn","Lacerta viridis","meridionalis","meridionalis","6290","M","Lacerta_viridis_meridionalis","meridionalis",85.46,39.05,30.82,22.95,14.89,14.01,20.26,29.81,49.95,18.5946705912884
"1046","NHMWien","Lacerta viridis","meridionalis","meridionalis","34820.1","M","Lacerta_viridis_meridionalis","meridionalis",89.31,40.68,31.63,23.05,15.07,13.1,20.66,30.84,54.74,18.4145557770719
"1050","NHMWien","Lacerta viridis","meridionalis","meridionalis","34819.4","M","Lacerta_viridis_meridionalis","meridionalis",87.47,39.56,30.4,21.58,14.52,11.68,19.46,31.05,52.53,17.2753828542188
"1055","NHMWien","Lacerta viridis","meridionalis","meridionalis","18926.4","M","Lacerta_viridis_meridionalis","meridionalis",89.56,41.9,31.22,23.66,15.5,13.56,20.1,30.45,52.65,18.7215339071091
"1056","NHMWien","Lacerta viridis","meridionalis","meridionalis","18926.5","M","Lacerta_viridis_meridionalis","meridionalis",88.94,39.4,33.04,22.68,13.73,12.61,20.26,30.41,50.16,17.8844348445781
"1057","NHMWien","Lacerta viridis","meridionalis","meridionalis","18541.1","M","Lacerta_viridis_meridionalis","meridionalis",83.53,39.54,28.96,21.43,13.04,12.73,18.95,28.2,48.95,16.8772435471189
"1058","NHMWien","Lacerta viridis","meridionalis","meridionalis","18541.3","M","Lacerta_viridis_meridionalis","meridionalis",91.33,43.35,32.31,23.05,14.01,11.92,20.46,30.23,51.21,17.5394962642242
"873","ZFMK Bonn","Timon nevadensis","nevadensis","nevadensis","52349","F","Timon_nevadensis_nevadensis","nevadensis",178.5,94.64,52.42,39.66,26.45,20.77,34.46,57.66,88.19,30.6515939123564
"877","ZFMK Bonn","Timon nevadensis","nevadensis","nevadensis","62410","F","Timon_nevadensis_nevadensis","nevadensis",159,81.38,52.68,37.75,24.21,18.54,31.68,53.1,82.11,28.7023041252912
"878","ZFMK Bonn","Timon nevadensis","nevadensis","nevadensis","62411","F","Timon_nevadensis_nevadensis","nevadensis",164,83.5,52.88,38.3,25.47,20.6,34.45,55.55,82.2,30.2734932710579
"879","ZFMK Bonn","Timon nevadensis","nevadensis","nevadensis","62412","F","Timon_nevadensis_nevadensis","nevadensis",167.5,80.05,55.11,40.3,25.45,22.33,36.02,57.09,87.89,31.5211683816338
"1122","EBD","Timon nevadensis","nevadensis","nevadensis","25439","F","Timon_nevadensis_nevadensis","nevadensis",172,81.83,61.98,42.45,23.44,20.72,35.79,59.18,91.22,31.1075859756157
"1123","EBD","Timon nevadensis","nevadensis","nevadensis","25440","F","Timon_nevadensis_nevadensis","nevadensis",165,80.66,57.19,38.61,25.32,18.93,34.06,57.95,92.74,30.1516768982253
"1124","EBD","Timon nevadensis","nevadensis","nevadensis","25441","F","Timon_nevadensis_nevadensis","nevadensis",170,78.75,53.52,40.29,25.34,20.6,33.68,58.56,94.44,30.3433350018247
"1127","EBD","Timon nevadensis","nevadensis","nevadensis","1475","F","Timon_nevadensis_nevadensis","nevadensis",158,75.95,51.02,37.16,24.07,20.83,32.09,52.26,86.83,29.4646942031298
"1128","EBD","Timon nevadensis","nevadensis","nevadensis","13657","F","Timon_nevadensis_nevadensis","nevadensis",162,74.67,55.52,38.82,26.02,22.11,34.19,52.9,89.8,31.7284237706697
"1130","EBD","Timon nevadensis","nevadensis","nevadensis","1514","F","Timon_nevadensis_nevadensis","nevadensis",172,89.95,56.09,40.95,24.75,21.33,34.15,58.75,92.98,30.9374014542316
"1131","EBD","Timon nevadensis","nevadensis","nevadensis","25501","F","Timon_nevadensis_nevadensis","nevadensis",186,98.67,55.94,42.32,27.95,22.7,36.79,58.9,95.36,32.8632146761638
"1132","EBD","Timon nevadensis","nevadensis","nevadensis","18390","F","Timon_nevadensis_nevadensis","nevadensis",179,89.26,59.23,42.08,28.24,21.3,37.44,56.71,91.4,32.905008663943
"1141","EBD","Timon nevadensis","nevadensis","nevadensis","27135","F","Timon_nevadensis_nevadensis","nevadensis",161,78.68,50.44,36.85,24.81,21.3,32.22,50.53,81.85,29.8717373378308
"1142","EBD","Timon nevadensis","nevadensis","nevadensis","25538","F","Timon_nevadensis_nevadensis","nevadensis",165,86.6,51.88,40.16,25.26,20.92,34.38,61.1,89.04,30.1530789349802
"1150","EBD","Timon nevadensis","nevadensis","nevadensis","20005","F","Timon_nevadensis_nevadensis","nevadensis",161,79.36,53.91,36.21,23.84,18.27,32.51,53.31,89.52,28.6354960055741
"868","ZFMK Bonn","Timon nevadensis","nevadensis","nevadensis","29104","M","Timon_nevadensis_nevadensis","nevadensis",200,92.15,73.67,57.54,38.37,33.81,52.01,60.44,95.7371428571429,45.7203149340623
"869","ZFMK Bonn","Timon nevadensis","nevadensis","nevadensis","36036","M","Timon_nevadensis_nevadensis","nevadensis",194,87.68,72.07,55.47,38.32,29.47,48.24,62.58,97.23,43.3364553730621
"871","ZFMK Bonn","Timon nevadensis","nevadensis","nevadensis","36038","M","Timon_nevadensis_nevadensis","nevadensis",164,73.68,58.56,43,30.1,21.21,36.97,57.3,91.3,33.4376753914694
"874","ZFMK Bonn","Timon nevadensis","nevadensis","nevadensis","62407","M","Timon_nevadensis_nevadensis","nevadensis",169,78.5,63,46.5,35.35,25.63,41.41,55.12,86,38.5028482741247
"1115","NHMWien","Timon nevadensis","nevadensis","nevadensis","10936.1","M","Timon_nevadensis_nevadensis","nevadensis",152,68.28,52.63,38.14,28.11,19.83,33.67,45.98,77.89,30.841747451414
"1116","EBD","Timon nevadensis","nevadensis","nevadensis","25445","M","Timon_nevadensis_nevadensis","nevadensis",194,81.72,74.78,57.95,38.81,32.14,50.47,61.21,99.8,45.3515002867998
"1117","EBD","Timon nevadensis","nevadensis","nevadensis","1472","M","Timon_nevadensis_nevadensis","nevadensis",187,84.54,66.4,55.35,37.9,34.45,48.14,62.6,104.25,44.2587188709678
"1118","EBD","Timon nevadensis","nevadensis","nevadensis","1473","M","Timon_nevadensis_nevadensis","nevadensis",205,94.94,71.18,60.96,39.95,36.81,52.45,57.2,90.41,47.1281286129132
"1119","EBD","Timon nevadensis","nevadensis","nevadensis","1474","M","Timon_nevadensis_nevadensis","nevadensis",205,87.1,76.08,63.58,43.85,38.85,57.21,63.97,107.64,50.6069745941138
"1120","EBD","Timon nevadensis","nevadensis","nevadensis","1506","M","Timon_nevadensis_nevadensis","nevadensis",201,84.65,77.21,63.42,44.5,37.9,57.55,63.93,96.03,50.6863390660247
"1125","EBD","Timon nevadensis","nevadensis","nevadensis","1467","M","Timon_nevadensis_nevadensis","nevadensis",185,87.73,70.95,57,36.4,31.07,49.61,58.41,101.6,43.1318757598076
"1134","EBD","Timon nevadensis","nevadensis","nevadensis","3392","M","Timon_nevadensis_nevadensis","nevadensis",180,66.9,67,54.2,37.97,32.44,47.45,58.72,94.45,43.5376932460566
"1137","EBD","Timon nevadensis","nevadensis","nevadensis","25492","M","Timon_nevadensis_nevadensis","nevadensis",200,83.04,78.25,56.88,38.62,31.61,48.51,65.01,99.24,45.7130680913825
"1138","EBD","Timon nevadensis","nevadensis","nevadensis","25493","M","Timon_nevadensis_nevadensis","nevadensis",206,92.41,82.29,62.43,43.51,35.24,52.75,62.71,92.34,50.1561295102036
"1145","EBD","Timon nevadensis","nevadensis","nevadensis","25515","M","Timon_nevadensis_nevadensis","nevadensis",186,79.5,73.12,55.02,37.21,32.72,48.73,61.21,102.14,44.6515338918368
"882","NHMLondon","Timon pater","pater","pater","1969.2137","F","Timon_pater_pater","pater",144,71.23,42.48,31.16,22.63,18.95,27.08,45.89,68.79,26.3123371592806
"884","NHMLondon","Timon pater","pater","pater","1969.2143","F","Timon_pater_pater","pater",132,59.4,42.36,31.06,22.26,18.95,27.11,43.97,72,26.1434827205981
"888","NHMLondon","Timon pater","pater","pater","1972.1273","F","Timon_pater_pater","pater",125,59.18,44.41,30.42,19.83,16.87,27.2,43.09,62.33,24.5832627689276
"890","NHMLondon","Timon pater","pater","pater","1972.1270","F","Timon_pater_pater","pater",150,78.41,51.31,36.29,24.3,20.3,32.3,46.91,71.65,29.3608151438506
"892","ZFMK Bonn","Timon pater","pater","pater","50816","F","Timon_pater_pater","pater",139.5,76.2,41.72,35.08,22.29,19.56,32.75,44.96,64.92,26.2991112905517
"897","NHMLondon","Timon pater","pater","pater","91.5.4.49","F","Timon_pater_pater","pater",148,73.31,48.55,34.41,23.37,19.03,30.4,48.8,70.76,27.8459632074282
"899","ZFMK Bonn","Timon pater","pater","pater","18069","F","Timon_pater_pater","pater",142,66.65,46.19,33.08,22.95,19.06,29.62,50.37,75.81,27.2364927610108
"900","ZFMK Bonn","Timon pater","pater","pater","18070","F","Timon_pater_pater","pater",147,76.1,43.69,32.57,24.13,20.09,29.23,48.52,74.36,27.6677027477837
"903","MNHN Paris","Timon pater","pater","pater","1906.130","F","Timon_pater_pater","pater",126,67.62,39.26,30.68,19.84,18.64,27.06,44.34,68.08,24.3956629037669
"907","NHMLondon","Timon pater","pater","pater","1906.8.29.8","F","Timon_pater_pater","pater",127,65.83,40.66,30.09,20.17,16.87,26.37,42.39,68.14,24.0065334145629
"909","ZFMK Bonn","Timon pater","pater","pater","3590","F","Timon_pater_pater","pater",162,70.69,52.48,39.75,26.63,24.33,36.2,53,80.46,32.3968188310929
"910","ZFMK Bonn","Timon pater","pater","pater","3594","F","Timon_pater_pater","pater",157,72.23,52.68,39.4,27.23,24.43,35.62,56.66,87.4,32.7244451353394
"913","ZFMK Bonn","Timon pater","pater","pater","3597","F","Timon_pater_pater","pater",160,77.93,54.64,36.96,25.72,26.28,35.24,52.33,79.68,33.3018994560809
"922","NHMLondon","Timon pater","pater","pater","91.5.4.51","F","Timon_pater_pater","pater",152,78.02,47.62,34.96,23.01,20.47,30.9,49.79,77.21,28.2016564315481
"923","NHMLondon","Timon pater","pater","pater","91.5.4.52","F","Timon_pater_pater","pater",145,71.47,48.86,36.38,23.38,21.39,33.3,49.38,78.3,29.0181408700351
"881","NHMLondon","Timon pater","pater","pater","1969.2136","M","Timon_pater_pater","pater",170,77.15,63.11,46.73,33.75,29.72,42.74,54.97,85.38,39.8541533443132
"885","NHMLondon","Timon pater","pater","pater","1972.1269","M","Timon_pater_pater","pater",152,63,59.9,44.94,32.5,27.22,42.04,48.79,72.68,37.5606213559656
"891","ZFMK Bonn","Timon pater","pater","pater","3588","M","Timon_pater_pater","pater",157,69.41,60.26,41.75,31.36,26.05,39.12,51.48,82.76,36.6497460455258
"893","ZFMK Bonn","Timon pater","pater","pater","53142","M","Timon_pater_pater","pater",160,70.49,57.22,43.72,29.77,23.12,40.82,51.53,77.05,34.022913887328
"901","MNHN Paris","Timon pater","pater","pater","1891.307","M","Timon_pater_pater","pater",149,66.78,57.11,42.87,31.41,28.34,38.36,49.72,77.07,37.0447482292548
"908","ZFMK Bonn","Timon pater","pater","pater","3589","M","Timon_pater_pater","pater",165,75,60.26,44.55,31.8,29.19,41.19,53.26,86.87,38.2440121448266
"911","ZFMK Bonn","Timon pater","pater","pater","3595","M","Timon_pater_pater","pater",148,64.5,55.23,41.39,29.75,26.57,37.74,54.08,84.4,35.211499698318
"912","ZFMK Bonn","Timon pater","pater","pater","3596","M","Timon_pater_pater","pater",177,69.75,66.97,49.66,38.14,32.84,47.01,59.86,95.03,43.7745185967546
"914","ZFMK Bonn","Timon pater","pater","pater","3600","M","Timon_pater_pater","pater",157,73.81,59.05,44.94,33.63,30.67,42.73,53.32,79.95,39.3447552822169
"915","ZFMK Bonn","Timon pater","pater","pater","3602","M","Timon_pater_pater","pater",153,58.69,58.77,44.66,31.55,26.83,40.34,54.47,81.5,36.7783218468304
"916","ZFMK Bonn","Timon pater","pater","pater","3603","M","Timon_pater_pater","pater",152.5,66.3,55.96,44.1,32.61,28.39,40.32,54.96,84.97,37.2790324801324
"919","ZFMK Bonn","Timon pater","pater","pater","53473","M","Timon_pater_pater","pater",148,70.5,51.91,39.68,29.51,25.14,37.53,47.56,66.24,33.7698011939348
"920","ZFMK Bonn","Timon pater","pater","pater","59247","M","Timon_pater_pater","pater",175,70.07,66.83,50.42,37.08,28.76,47.03,62.6,90.44,41.4603874323892
"921","NHMLondon","Timon pater","pater","pater","91.5.4.50","M","Timon_pater_pater","pater",148,66.06,54.26,41.41,29.54,26.91,37.98,50.52,77.82,35.0699106489616
"1111","NHMWien","Timon pater","pater","pater","10937.2","M","Timon_pater_pater","pater",153,67.28,58.13,42.62,27.41,25.24,38.05,49.85,82.54,34.2609633021115
"934","NMPrague","Timon princeps","princeps","princeps","35688/1","F","Timon_princeps_princeps","princeps",108.92,47.11,39.28,25.67,16.06,13.68,23.67,40.41,69.13,20.5116708669827
"936","ZFMK Bonn","Timon princeps","princeps","princeps","71589","F","Timon_princeps_princeps","princeps",136,69.63,44.5,28.02,17.74,14.86,25.51,42.53,71.52,22.7218739000673
"938","ZFMK Bonn","Timon princeps","princeps","princeps","71951","F","Timon_princeps_princeps","princeps",96.92,51.62,31.96,21.12,13.37,11.63,18.21,33.66,58.32,17.0649870958301
"939","ZFMK Bonn","Timon princeps","princeps","princeps","71952","F","Timon_princeps_princeps","princeps",107.98,53.54,34.9,23,15.03,12.46,20.86,34.72,61.61,18.6968086482974
"940","ZFMK Bonn","Timon princeps","princeps","princeps","94466","F","Timon_princeps_princeps","princeps",107.17,54.6,34.52,22.55,13.85,11.51,20.63,33.58,62.07,17.6549013290779
"941","ZFMK Bonn","Timon princeps","princeps","princeps","94467","F","Timon_princeps_princeps","princeps",99.78,49,33.76,21.75,13.91,11.33,19.7,33.61,63.77,17.4576785532487
"943","ZFMK Bonn","Timon princeps","princeps","princeps","94469","F","Timon_princeps_princeps","princeps",130,62.78,39.95,29.97,18.62,15.48,24.95,43.3,73.11,22.5816569515234
"1097","NHMWien","Timon princeps","princeps","princeps","19687.1","F","Timon_princeps_princeps","princeps",128,61.07,41.42,27.28,17.6,13.95,24.24,41.62,71.74,21.6653473700304
"1099","NHMWien","Timon princeps","princeps","princeps","19687.3","F","Timon_princeps_princeps","princeps",106.98,49.8,35.23,24.47,15.8,13.15,21.11,38.49,58.15,19.4162413147891
"1100","NHMWien","Timon princeps","princeps","princeps","19687.4","F","Timon_princeps_princeps","princeps",116.52,58.21,39.04,25.27,16.53,14.15,22.49,39.58,72.59,20.9016081117283
"1103","NHMWien","Timon princeps","princeps","princeps","19687.7","F","Timon_princeps_princeps","princeps",111.22,55.46,36.18,24.66,15.5,13.37,21.64,36.81,65.02,19.5723912790207
"1106","NHMWien","Timon princeps","princeps","princeps","19296.3","F","Timon_princeps_princeps","princeps",139.5,76.48,42.25,29.92,20.14,16.17,26.95,40.84,73,23.9624967216692
"1107","NHMWien","Timon princeps","princeps","princeps","19296.4","F","Timon_princeps_princeps","princeps",137,70.75,42.42,29.22,19.27,15.81,25.62,42.22,73.19,23.4672076522885
"1108","NHMWien","Timon princeps","princeps","princeps","19296.5","F","Timon_princeps_princeps","princeps",115.75,55.13,36.45,24.14,15.48,12.68,21.41,36.18,68.63,19.269151036114
"935","NMPrague","Timon princeps","princeps","princeps","35688/2","M","Timon_princeps_princeps","princeps",120,49.02,45.93,32.46,21.86,19.48,28.2,44.01,73.56,26.942952483634
"937","ZFMK Bonn","Timon princeps","princeps","princeps","71590","M","Timon_princeps_princeps","princeps",93.25,44.17,32.85,22.53,14.17,11.57,20.48,32.84,60.24,17.5285581761242
"942","ZFMK Bonn","Timon princeps","princeps","princeps","94468","M","Timon_princeps_princeps","princeps",106.7,49.84,36.73,25.17,15.84,13.3,21.63,39.84,64.88,19.7792239987582
"1098","NHMWien","Timon princeps","princeps","princeps","19687.2","M","Timon_princeps_princeps","princeps",129,63.51,47.54,32,21.11,18.1,28.11,43.96,72.15,26.2870587152452
"1101","NHMWien","Timon princeps","princeps","princeps","19687.5","M","Timon_princeps_princeps","princeps",110.05,55.26,35.68,25.39,17.14,14.31,22.18,37.49,65.64,20.6074900591784
"1102","NHMWien","Timon princeps","princeps","princeps","19687.6","M","Timon_princeps_princeps","princeps",130.5,65.64,43.9,31.27,22.28,18.84,27.95,41.07,76.28,26.4131502437998
"1104","NHMWien","Timon princeps","princeps","princeps","19296.1","M","Timon_princeps_princeps","princeps",144.5,71.4,49.62,34.86,23.47,20.24,31,45.14,81.1,28.672140705015
"1105","NHMWien","Timon princeps","princeps","princeps","19296.2","M","Timon_princeps_princeps","princeps",117.61,57.32,38.63,27.19,17.94,15.25,24,37.38,69.28,21.9451723928554
"440","ZFMK Bonn","Lacerta schreiberi","schreiberi","schreiberi","12625","F","Lacerta_schreiberi_schreiberi","schreiberi",98.26,51.67,32.35,21.41,14.18,12.08,19.61,33.25,50.27,17.6958929898851
"443","ZFMK Bonn","Lacerta schreiberi","schreiberi","schreiberi","12648","F","Lacerta_schreiberi_schreiberi","schreiberi",98.4,52.52,30.16,21.89,13.93,11.64,19.74,34.38,50.71,16.9737764459274
"444","ZFMK Bonn","Lacerta schreiberi","schreiberi","schreiberi","42725","F","Lacerta_schreiberi_schreiberi","schreiberi",106.6,55.19,32.64,23.52,15.15,12.61,21.74,34.86,48.64,18.4059945811401
"454","MNCN","Lacerta schreiberi","schreiberi","schreiberi","6191","F","Lacerta_schreiberi_schreiberi","schreiberi",106.04,57.4,32.63,22.1,15.73,13.15,19.03,32.13,51.21,18.8983483388182
"466","MNCN","Lacerta schreiberi","schreiberi","schreiberi","17295","F","Lacerta_schreiberi_schreiberi","schreiberi",99.48,45.31,31.73,20.67,15.01,11.38,17.72,32.07,45.79,17.5656547346102
"468","MNCN","Lacerta schreiberi","schreiberi","schreiberi","19925","F","Lacerta_schreiberi_schreiberi","schreiberi",101.87,56.13,30.72,22.82,14.75,13.18,20.59,32.16,46.77,18.1430186629613
"476","MNCN","Lacerta schreiberi","schreiberi","schreiberi","33397","F","Lacerta_schreiberi_schreiberi","schreiberi",98.39,49.86,31.25,21.91,15.38,12.36,19.41,32.65,48.33,18.1109657511791
"477","MNCN","Lacerta schreiberi","schreiberi","schreiberi","33398","F","Lacerta_schreiberi_schreiberi","schreiberi",99.52,48.97,31.56,21.97,14.89,12.28,19.21,32.69,46.67,17.9367333965295
"484","MNCN","Lacerta schreiberi","schreiberi","schreiberi","33407","F","Lacerta_schreiberi_schreiberi","schreiberi",117.7,60.95,36.68,25.26,16.59,13.15,22.1,33.2521428571429,50.97,20.0017113368955
"485","MNCN","Lacerta schreiberi","schreiberi","schreiberi","33466","F","Lacerta_schreiberi_schreiberi","schreiberi",104.97,53.92,31.4,20.74,14.8,12.08,18.67,33.24,49.02,17.7726736365526
"486","MNCN","Lacerta schreiberi","schreiberi","schreiberi","33467","F","Lacerta_schreiberi_schreiberi","schreiberi",104.09,54.76,30.66,22.75,15.95,13.61,19.79,31.61,46.15,18.8103548188787
"487","MNCN","Lacerta schreiberi","schreiberi","schreiberi","33468","F","Lacerta_schreiberi_schreiberi","schreiberi",110.62,59.41,32.3,23.49,17.3,14.85,21.7,33.6,49,20.2453377469717
"489","MNCN","Lacerta schreiberi","schreiberi","schreiberi","33489","F","Lacerta_schreiberi_schreiberi","schreiberi",103.04,53.05,32.59,22.72,14.8,13.55,19.72,34.24,48.69,18.6965635634899
"491","MNCN","Lacerta schreiberi","schreiberi","schreiberi","33492","F","Lacerta_schreiberi_schreiberi","schreiberi",104.72,51.55,33.13,23.45,15.57,12.78,20.37,36.47,51.46,18.7505337192075
"493","MNCN","Lacerta schreiberi","schreiberi","schreiberi","42117","F","Lacerta_schreiberi_schreiberi","schreiberi",104.34,53.94,34.63,22.78,15.91,13.1,20.89,32.18,47.81,19.3255259534627
"445","ZFMK Bonn","Lacerta schreiberi","schreiberi","schreiberi","42726","M","Lacerta_schreiberi_schreiberi","schreiberi",111.32,56.93,36.35,28.05,18.86,14.56,23.61,34.47,50.46,21.5312458323512
"452","MNCN","Lacerta schreiberi","schreiberi","schreiberi","6154","M","Lacerta_schreiberi_schreiberi","schreiberi",111.01,51.37,39.5,28.61,20.95,18.84,23.62,36,53.95,24.9816243634151
"457","MNCN","Lacerta schreiberi","schreiberi","schreiberi","17211","M","Lacerta_schreiberi_schreiberi","schreiberi",91.44,43.61,32.48,22.28,15.12,12.2,22.2,32.35,47.94,18.1625106014233
"458","MNCN","Lacerta schreiberi","schreiberi","schreiberi","17212","M","Lacerta_schreiberi_schreiberi","schreiberi",97.96,44.11,36.05,24.8,17.95,14.04,22.14,33.97,50.82,20.8663078253313
"460","MNCN","Lacerta schreiberi","schreiberi","schreiberi","17215","M","Lacerta_schreiberi_schreiberi","schreiberi",89.69,40.98,31.34,21.78,14.12,12,18.52,30.66,45.2,17.4463659671143
"462","MNCN","Lacerta schreiberi","schreiberi","schreiberi","17291","M","Lacerta_schreiberi_schreiberi","schreiberi",107.18,47.68,38.48,27.29,20.06,15.42,23.09,34.98,52.31,22.8323241730392
"463","MNCN","Lacerta schreiberi","schreiberi","schreiberi","17292","M","Lacerta_schreiberi_schreiberi","schreiberi",94.48,43.59,34.29,24.52,17.35,14.04,21.34,31.07,48.17,20.2898120475139
"464","MNCN","Lacerta schreiberi","schreiberi","schreiberi","17293","M","Lacerta_schreiberi_schreiberi","schreiberi",93.33,42.72,33.46,22.73,16.39,13.32,20.02,30.69,47.93,19.4030366947248
"467","MNCN","Lacerta schreiberi","schreiberi","schreiberi","17296","M","Lacerta_schreiberi_schreiberi","schreiberi",91.59,39.74,30.78,24.13,16.63,14.23,21.65,31.34,47.88,19.3845290817063
"478","MNCN","Lacerta schreiberi","schreiberi","schreiberi","33399","M","Lacerta_schreiberi_schreiberi","schreiberi",94.94,39.07,37.98,27.98,18.86,16.1,24.81,32,48.8,22.5930141825184
"479","MNCN","Lacerta schreiberi","schreiberi","schreiberi","33400","M","Lacerta_schreiberi_schreiberi","schreiberi",112.18,48.61,44.22,30.24,20.89,19.3,27.08,36.92,55.53,26.123909008415
"480","MNCN","Lacerta schreiberi","schreiberi","schreiberi","33401","M","Lacerta_schreiberi_schreiberi","schreiberi",92.92,39.38,35.52,25.24,17.86,14.91,22.92,33.15,47.85,21.1483919975285
"488","MNCN","Lacerta schreiberi","schreiberi","schreiberi","33487","M","Lacerta_schreiberi_schreiberi","schreiberi",91.95,42.61,33.7,26.52,17.76,15.13,23.11,33.4,47.05,20.8434976071642
"490","MNCN","Lacerta schreiberi","schreiberi","schreiberi","33491","M","Lacerta_schreiberi_schreiberi","schreiberi",102.44,49.21,35.14,25.97,18.25,16.85,22.76,36.51,52.03,22.1082742711378
"492","MNCN","Lacerta schreiberi","schreiberi","schreiberi","40094","M","Lacerta_schreiberi_schreiberi","schreiberi",109.71,50.29,39.4,28.45,20.33,17.53,25.53,36.48,52.34,24.125250910972
"450","MNCN","Lacerta schreiberi","schreiberi","schreiberi_I","6143","F","Lacerta_schreiberi_schreiberi_I","schreiberi_I",107.85,54.23,34.84,23.04,16.06,13.67,20.85,34.14,52.35,19.7029263503058
"451","MNCN","Lacerta schreiberi","schreiberi","schreiberi_I","6144","F","Lacerta_schreiberi_schreiberi_I","schreiberi_I",116.85,61.98,36.3,24,17.39,13.64,21.18,36.45,51.61,20.4962082854356
"453","MNCN","Lacerta schreiberi","schreiberi","schreiberi_I","6159","F","Lacerta_schreiberi_schreiberi_I","schreiberi_I",93.89,48.57,30.87,20.25,13.33,11.42,17.92,30.27,41.55,16.7498514958245
"455","MNCN","Lacerta schreiberi","schreiberi","schreiberi_I","6256","F","Lacerta_schreiberi_schreiberi_I","schreiberi_I",88.54,42.57,29.11,19.32,14.92,10.09,17.66,30.39,46.42,16.3644243060052
"471","MNCN","Lacerta schreiberi","schreiberi","schreiberi_I","33365","F","Lacerta_schreiberi_schreiberi_I","schreiberi_I",98.63,51.2,33.04,22.09,13.75,11.35,19.68,32.83,48.36,17.2761195007938
"472","MNCN","Lacerta schreiberi","schreiberi","schreiberi_I","33367","F","Lacerta_schreiberi_schreiberi_I","schreiberi_I",102.71,53.55,32.49,21.73,14.67,12.31,18.92,32.34,47.98,18.0362380789101
"474","MNCN","Lacerta schreiberi","schreiberi","schreiberi_I","33373","F","Lacerta_schreiberi_schreiberi_I","schreiberi_I",107.6,54.96,33.36,21.82,16.06,12.63,20.01,33.94,49.56,18.914359726212
"482","MNCN","Lacerta schreiberi","schreiberi","schreiberi_I","33403","F","Lacerta_schreiberi_schreiberi_I","schreiberi_I",110.61,64.93,33.58,22.76,15.91,13.05,10.71,32.45,46.81,19.1038307147118
"496","ZFMK Bonn","Lacerta schreiberi","schreiberi","schreiberi_I","12645","F","Lacerta_schreiberi_schreiberi_I","schreiberi_I",111.77,61.02,33.55,23.26,16.83,14.31,20.42,33.45,49.95,20.0665213460568
"500","ZFMK Bonn","Lacerta schreiberi","schreiberi","schreiberi_I","36031","F","Lacerta_schreiberi_schreiberi_I","schreiberi_I",103.51,54.37,31.67,21.16,15.32,12.43,19.17,34.54,50.39,18.2022881758605
"446","MNCN","Lacerta schreiberi","schreiberi","schreiberi_I","6126","M","Lacerta_schreiberi_schreiberi_I","schreiberi_I",92,43.53,31.94,22.43,15.5,12.9,20.51,30.61,45.71,18.5531977447749
"447","MNCN","Lacerta schreiberi","schreiberi","schreiberi_I","6138","M","Lacerta_schreiberi_schreiberi_I","schreiberi_I",104.14,51.24,35.73,24.22,17.3,14.22,22.37,33.09,50.35,20.6376181168363
"448","MNCN","Lacerta schreiberi","schreiberi","schreiberi_I","6139","M","Lacerta_schreiberi_schreiberi_I","schreiberi_I",99.65,50.6,33.74,25.6,18.29,14.68,22.67,32.35,49.05,20.8462662242675
"449","MNCN","Lacerta schreiberi","schreiberi","schreiberi_I","6140","M","Lacerta_schreiberi_schreiberi_I","schreiberi_I",98.44,47.25,35.62,25.57,18.47,15.42,23.04,30.94,51.87,21.647864526681
"469","MNCN","Lacerta schreiberi","schreiberi","schreiberi_I","33362","M","Lacerta_schreiberi_schreiberi_I","schreiberi_I",107.27,50.64,38.38,27.21,19.71,16.62,24.42,36,53.14,23.2527437011808
"470","MNCN","Lacerta schreiberi","schreiberi","schreiberi_I","33364","M","Lacerta_schreiberi_schreiberi_I","schreiberi_I",108.37,53.56,37.31,28.16,19.28,17.46,25.29,35.55,52.53,23.2447835234167
"473","MNCN","Lacerta schreiberi","schreiberi","schreiberi_I","33369","M","Lacerta_schreiberi_schreiberi_I","schreiberi_I",104.73,49.21,36.22,24.09,17.14,13.33,21.9,35.59,53.01,20.226922214542
"475","MNCN","Lacerta schreiberi","schreiberi","schreiberi_I","33374","M","Lacerta_schreiberi_schreiberi_I","schreiberi_I",100.21,48.18,34.26,23.27,15.89,13.92,20.98,34.81,51.56,19.6419000627019
"481","MNCN","Lacerta schreiberi","schreiberi","schreiberi_I","33402","M","Lacerta_schreiberi_schreiberi_I","schreiberi_I",103.9,46.37,38.33,26.26,18.22,13.66,23.58,35.85,49.96,21.2086307240354
"483","MNCN","Lacerta schreiberi","schreiberi","schreiberi_I","33404","M","Lacerta_schreiberi_schreiberi_I","schreiberi_I",107.38,48.89,35.72,26.74,18.64,15.11,23.86,34.03,52.53,21.5877447398247
"494","ZFMK Bonn","Lacerta schreiberi","schreiberi","schreiberi_I","12630","M","Lacerta_schreiberi_schreiberi_I","schreiberi_I",113.54,56.65,38.1,27.55,19.75,17.68,24.85,36.55,57.67,23.6950763330175
"495","ZFMK Bonn","Lacerta schreiberi","schreiberi","schreiberi_I","12642","M","Lacerta_schreiberi_schreiberi_I","schreiberi_I",96.55,46.73,31.59,22.91,16.29,14.46,20.86,30.27,45.61,19.522990115225
"497","ZFMK Bonn","Lacerta schreiberi","schreiberi","schreiberi_I","12647","M","Lacerta_schreiberi_schreiberi_I","schreiberi_I",107.82,52.2,37.05,25.46,18.01,15.11,23.47,34.08,52.54,21.6034011383823
"499","ZFMK Bonn","Lacerta schreiberi","schreiberi","schreiberi_I","36030","M","Lacerta_schreiberi_schreiberi_I","schreiberi_I",93.79,45.55,32.75,22.14,15.91,12.42,19.87,32.8,48.8,18.6352129504593
"501","ZFMK Bonn","Lacerta schreiberi","schreiberi","schreiberi_I","88833","M","Lacerta_schreiberi_schreiberi_I","schreiberi_I",101.72,53.12,35,24.56,17.87,15.29,22.24,31.5,46.2,21.2259283594193
"507","ZFMK Bonn","Lacerta strigata","strigata","strigata","24700","F","Lacerta_strigata_strigata","strigata",101.22,53.1,31.12,23.02,13.96,12.37,20,33.25,54.89,17.5158641711361
"510","ZFMK Bonn","Lacerta strigata","strigata","strigata","37798","F","Lacerta_strigata_strigata","strigata",91.86,47.86,28.91,19.1,12.32,9.72,17.58,27.02,44.11,15.1277737802899
"520","NMPrague","Lacerta strigata","strigata","strigata","75418/15","F","Lacerta_strigata_strigata","strigata",95.71,50.56,27.56,19.85,12.67,11.73,18.26,29.48,47.45,15.9999249944401
"523","NMPrague","Lacerta strigata","strigata","strigata","75418/7","F","Lacerta_strigata_strigata","strigata",91.2,46.73,28.26,19.54,12.2,11.18,17.64,29.88,46.12,15.6792251760333
"528","ZFMK Bonn","Lacerta strigata","strigata","strigata","16422","F","Lacerta_strigata_strigata","strigata",95.84,49.84,28.33,19.78,13.43,11.21,17.74,30.36,48.9,16.2172072397182
"529","ZFMK Bonn","Lacerta strigata","strigata","strigata","16423","F","Lacerta_strigata_strigata","strigata",90.51,45.82,26.66,18.53,11.95,10.28,16.92,28.69,48.59,14.8504764818185
"538","ZFMK Bonn","Lacerta strigata","strigata","strigata","76577","F","Lacerta_strigata_strigata","strigata",88.68,48.5,25.95,17.83,11.3,10.55,16.31,27.31,43.47,14.5710021329863
"539","ZFMK Bonn","Lacerta strigata","strigata","strigata","76578","F","Lacerta_strigata_strigata","strigata",92.42,47.55,27.69,18.91,12.48,11,17,28.59,47.24,15.6066638196913
"541","ZFMK Bonn","Lacerta strigata","strigata","strigata","82624","F","Lacerta_strigata_strigata","strigata",97.12,52.16,27.43,19.63,12.18,11.07,17.58,29.07,45.97,15.4646551113581
"542","ZFMK Bonn","Lacerta strigata","strigata","strigata","8490","F","Lacerta_strigata_strigata","strigata",102.57,56.44,30.11,20.48,12.9,11.33,19.23,29.88,49.46,16.3874026674524
"544","ZFMK Bonn","Lacerta strigata","strigata","strigata","8492","F","Lacerta_strigata_strigata","strigata",90.91,48.4,26.75,18.34,11.16,9.72,17.14,26.78,44.73,14.263236454657
"545","MNHN Paris","Lacerta strigata","strigata","strigata","1957.56","F","Lacerta_strigata_strigata","strigata",107.58,54.06,31.88,22.85,14.97,12.18,20.33,33.38,52.48,17.9802530852938
"548","NMPrague","Lacerta strigata","strigata","strigata","34557/3","F","Lacerta_strigata_strigata","strigata",94.53,46.98,27.57,20.35,11.88,9.8,18.37,31.87,51.11,14.7511686213804
"551","ZFMK Bonn","Lacerta strigata","strigata","strigata","94547","F","Lacerta_strigata_strigata","strigata",102.74,54.75,34.3,21.69,13.98,12.22,20.74,31.14,49.53,18.0284130276282
"556","NHMLondon","Lacerta strigata","strigata","strigata","1965.431","F","Lacerta_strigata_strigata","strigata",92.56,47.14,28.53,19,12.8,10.73,17.28,27.65,44.39,15.7653574165837
"504","ZFMK Bonn","Lacerta strigata","strigata","strigata","16420","M","Lacerta_strigata_strigata","strigata",91.18,44.6,30.2,21.93,13.97,11.51,20.49,28.93,47.9,16.9340000831077
"505","ZFMK Bonn","Lacerta strigata","strigata","strigata","17816","M","Lacerta_strigata_strigata","strigata",96.09,44.94,32.73,23.64,15.68,13.07,22.71,32.36,50.795,18.8591689175556
"511","ZFMK Bonn","Lacerta strigata","strigata","strigata","6369","M","Lacerta_strigata_strigata","strigata",89.15,42.94,29.3,20.3,13.82,11.47,19.06,27.44,46.83,16.6844935005524
"512","NHMLondon","Lacerta strigata","strigata","strigata","1965.435","M","Lacerta_strigata_strigata","strigata",92.84,45.15,32.13,22.56,14.92,13.71,21.13,31.21,53.09,18.7314904185671
"513","NMPrague","Lacerta strigata","strigata","strigata","73022/11","M","Lacerta_strigata_strigata","strigata",95.16,46.27,31.98,23.12,13.89,12.46,19.87,29.87,50.85,17.6888493207117
"514","NMPrague","Lacerta strigata","strigata","strigata","73022/12","M","Lacerta_strigata_strigata","strigata",92.84,42.81,31.24,22.36,15.51,13.26,21,31.2,50.27,18.5904020547243
"515","NMPrague","Lacerta strigata","strigata","strigata","73022/2","M","Lacerta_strigata_strigata","strigata",94.83,43.36,31.88,21.75,13.69,11.72,20.14,30.96,52.11,17.2299145724458
"516","NMPrague","Lacerta strigata","strigata","strigata","73022/4","M","Lacerta_strigata_strigata","strigata",98.03,47.28,33.42,23.85,15.98,13.95,21.09,31.19,51.85,19.5307599733526
"517","NMPrague","Lacerta strigata","strigata","strigata","73022/9","M","Lacerta_strigata_strigata","strigata",97.04,46.42,33.56,23.73,14.8,12.55,21.42,30.05,52.05,18.4038689091871
"518","NMPrague","Lacerta strigata","strigata","strigata","75418/11","M","Lacerta_strigata_strigata","strigata",93.21,49.29,29.36,21.38,13.72,12.95,19.21,29.57,51.47,17.343096623234
"524","NMPrague","Lacerta strigata","strigata","strigata","75418/9","M","Lacerta_strigata_strigata","strigata",89.3,44.55,29.54,20.8,13.82,13.16,19.17,30.59,48.7,17.5142471712206
"534","ZFMK Bonn","Lacerta strigata","strigata","strigata","75989","M","Lacerta_strigata_strigata","strigata",89.31,39.72,29.23,21.9,15.15,13.73,20.36,29.34,50.9,18.2517283006996
"535","ZFMK Bonn","Lacerta strigata","strigata","strigata","75990","M","Lacerta_strigata_strigata","strigata",95.06,46.65,30.38,22.36,14.58,13.2,20.48,28.5,48.76,18.0152271149771
"537","ZFMK Bonn","Lacerta strigata","strigata","strigata","75992","M","Lacerta_strigata_strigata","strigata",97.33,43.78,32.05,21.52,15.42,12.75,20.05,32.62,53.35,18.4703105477885
"550","ZFMK Bonn","Lacerta strigata","strigata","strigata","94546","M","Lacerta_strigata_strigata","strigata",91.14,46.33,27.65,21.69,14.09,12.31,19.39,32.04,53,16.863772208239
"952","NHMLondon","Timon tangitanus","tangitanus","tangitanus_N","1887.6.30.4","F","Timon_tangitanus_tangitanus","tangitanus",150,71.4,53.23,37.38,22.83,19.57,33.65,46.92,76.85,28.757495981334
"956","NHMLondon","Timon tangitanus","tangitanus","tangitanus_S","1904.11.28.12","F","Timon_tangitanus_tangitanus","tangitanus",137,68.11,41.67,31.54,20.3,16.61,27.02,44.75,70.38,24.1303186483777
"957","NHMLondon","Timon tangitanus","tangitanus","tangitanus_S","1904.11.28.13","F","Timon_tangitanus_tangitanus","tangitanus",143,68.37,43.79,32.4,21.18,17.63,28.15,47.6,70.86,25.381526488252
"958","NHMLondon","Timon tangitanus","tangitanus","tangitanus_S","1904.11.28.14","F","Timon_tangitanus_tangitanus","tangitanus",130,64.94,41.16,31.08,19.9,16.56,27.63,42.44,68.09,23.8486019511976
"961","NHMLondon","Timon tangitanus","tangitanus","tangitanus_S","1905.11.28.26","F","Timon_tangitanus_tangitanus","tangitanus",137,68.82,43.88,32.05,21.42,16.81,28.76,46.6,67.97,25.0929237132716
"1158","EBD","Timon tangitanus","tangitanus","tangitanus_N","19040","F","Timon_tangitanus_tangitanus","tangitanus",154,76.76,47.91,35.12,22.6,18.98,33.12,51.3,81.03,27.3911504089983
"1160","EBD","Timon tangitanus","tangitanus","tangitanus_C","16680","F","Timon_tangitanus_tangitanus","tangitanus",125,62.03,40.05,29.19,20.74,16.48,26.07,40.27,63.36,23.9215597428875
"1162","EBD","Timon tangitanus","tangitanus","tangitanus_C","19650","F","Timon_tangitanus_tangitanus","tangitanus",131,64.4,41.47,29.87,20.5,15.83,26.03,43.23,65.44,23.7860833889497
"1164","EBD","Timon tangitanus","tangitanus","tangitanus_C","25510","F","Timon_tangitanus_tangitanus","tangitanus",124.5,65.28,38.29,28.49,18.98,13.63,24.93,42.5,69.82,21.4762842488998
"949","MNCN","Timon tangitanus","tangitanus","tangitanus_S","6065","M","Timon_tangitanus_tangitanus","tangitanus",155.82,68.18,56.46,37.24,25.78,19.27,34.73,45.45,68.71,30.3833157656239
"950","MNCN","Timon tangitanus","tangitanus","tangitanus_S","6066","M","Timon_tangitanus_tangitanus","tangitanus",144.15,59.02,50.44,37.8,27.25,20.66,32.93,42.64,68.94,30.5087186039779
"951","NHMLondon","Timon tangitanus","tangitanus","tangitanus_N","1887.6.30.3","M","Timon_tangitanus_tangitanus","tangitanus",139,59.16,51.36,39.08,26.06,23.08,36.43,48.4,80.17,31.3770235473761
"954","NHMLondon","Timon tangitanus","tangitanus","tangitanus_S","1904.11.28.10","M","Timon_tangitanus_tangitanus","tangitanus",153,65.88,57.25,40.13,28.34,23.23,34.94,50,82.96,33.5280412574687
"955","NHMLondon","Timon tangitanus","tangitanus","tangitanus_S","1904.11.28.11","M","Timon_tangitanus_tangitanus","tangitanus",144,65.53,51.65,38.4,26.6,21.94,35.81,50.53,79.2,31.1216677475386
"959","NHMLondon","Timon tangitanus","tangitanus","tangitanus_S","1904.11.28.9","M","Timon_tangitanus_tangitanus","tangitanus",156,67.55,56.47,42.37,30.05,24.08,36.91,52.71,83.04,34.4434185282444
"960","NHMLondon","Timon tangitanus","tangitanus","tangitanus_S","1905.11.28.25","M","Timon_tangitanus_tangitanus","tangitanus",157,67.55,58.98,43.12,31.19,25.51,38.03,53.3,85.32,36.0697833571876
"962","NHMLondon","Timon tangitanus","tangitanus","tangitanus_N","1920.1.20.3557","M","Timon_tangitanus_tangitanus","tangitanus",143,62.6,53.82,41.6,27.35,23.08,37.16,46.73,81.53,32.3876131204718
"963","MNHN Paris","Timon tangitanus","tangitanus","tangitanus_C","1925.150","M","Timon_tangitanus_tangitanus","tangitanus",146,60.4,56.32,39.1,28.86,21.49,35.86,50.8,78.66,32.6887612211199
"964","NHMLondon","Timon tangitanus","tangitanus","tangitanus_S","1938.5.1.6","M","Timon_tangitanus_tangitanus","tangitanus",140,58.22,51.77,37.71,25.34,20.15,33.26,49.16,82.87,29.788818294096
"967","NHMLondon","Timon tangitanus","tangitanus","tangitanus_S","1970.270","M","Timon_tangitanus_tangitanus","tangitanus",145,53.27,52.42,37.08,26.32,22.11,33.15,43.9,73.88,31.2457208208681
"968","ZFMK Bonn","Timon tangitanus","tangitanus","tangitanus_C","53143","M","Timon_tangitanus_tangitanus","tangitanus",161,67.11,63.14,45.17,33.36,24.56,39.37,51.22,84.36,37.2608702594301
"1112","NHMWien","Timon tangitanus","tangitanus","tangitanus_N","10939.1","M","Timon_tangitanus_tangitanus","tangitanus",149,60.54,50.26,41.66,28.1,24.71,37.86,54.29,75.61,32.6788814751204
"1113","NHMWien","Timon tangitanus","tangitanus","tangitanus_N","10939.2","M","Timon_tangitanus_tangitanus","tangitanus",141.5,60.46,52.16,38.97,26.04,22.29,35.21,51.19,86.23,31.167086790731
"1157","EBD","Timon tangitanus","tangitanus","tangitanus_S","18823","M","Timon_tangitanus_tangitanus","tangitanus",151,67.43,54.59,38.73,27.16,22.2,34.35,50.5,73.6,32.047828763635
"577","NHMLondon","Lacerta trilineata","trilineata","trilineata","1917.5.11.10","F","Lacerta_trilineata_trilineata","trilineata",129,70.83,40.52,28.2,17.78,15.02,24.94,41.9,71.3,22.1185698100961
"580","NHMLondon","Lacerta trilineata","trilineata","trilineata","1965.440","F","Lacerta_trilineata_trilineata","trilineata",128.6,66.58,41.97,27.47,17.67,14.96,24.2,41.8,71.02,22.3032954462738
"584","ZFMK Bonn","Lacerta trilineata","trilineata","trilineata","3651","F","Lacerta_trilineata_trilineata","trilineata",137,72.07,41.46,29.93,18.3,13.54,25.95,43.03,78.77,21.7386723733767
"588","NHMLondon","Lacerta trilineata","trilineata","trilineata","86.11.16.4","F","Lacerta_trilineata_trilineata","trilineata",135.32,69.63,42.36,30.08,19.31,17.1,26.6,42.8,75.8,24.0941408711892
"591","MNHN Paris","Lacerta trilineata","trilineata","trilineata","0.1613","F","Lacerta_trilineata_trilineata","trilineata",143.33,76.41,44.47,30.48,19.72,18.31,27.24,45.05,74.79,25.2282694867612
"593","ZFMK Bonn","Lacerta trilineata","trilineata","trilineata","1886","F","Lacerta_trilineata_trilineata","trilineata",140,78.05,43.88,30.37,21.62,18.8,28.69,44.92,73.28,26.1272310535599
"594","ZFMK Bonn","Lacerta trilineata","trilineata","trilineata","1887","F","Lacerta_trilineata_trilineata","trilineata",138.75,75.98,40.38,28.61,19.82,17.25,25.79,43.06,72.97,23.9894166879154
"611","ZFMK Bonn","Lacerta trilineata","trilineata","trilineata","3426","F","Lacerta_trilineata_trilineata","trilineata",129,65.41,39.84,28.49,18.08,15.89,24.3,41.68,73.57,22.5361928827448
"614","ZFMK Bonn","Lacerta trilineata","trilineata","trilineata","3438","F","Lacerta_trilineata_trilineata","trilineata",132.5,75.87,40.46,26.62,17.71,14.36,24.21,38.61,67.3,21.750352168341
"619","ZFMK Bonn","Lacerta trilineata","trilineata","trilineata","3640","F","Lacerta_trilineata_trilineata","trilineata",134.67,70.44,38.8,27.75,19.31,16.69,24.7,41.52,70.5,23.2108001389636
"620","ZFMK Bonn","Lacerta trilineata","trilineata","trilineata","3645","F","Lacerta_trilineata_trilineata","trilineata",135,65.4,41.78,28.4,20.16,16.61,25.29,42.4,72.44,24.0958840832929
"623","ZFMK Bonn","Lacerta trilineata","trilineata","trilineata","3713","F","Lacerta_trilineata_trilineata","trilineata",135,77.5,40.9,27.8,18.03,16,25.42,42.01,72.33,22.7656299628853
"628","ZFMK Bonn","Lacerta trilineata","trilineata","trilineata","3729","F","Lacerta_trilineata_trilineata","trilineata",131.5,74.53,38.4,26.05,18.16,14.6,24.47,38.1,65.77,21.673712496143
"1020","NHMWien","Lacerta trilineata","trilineata","trilineata","20200","F","Lacerta_trilineata_trilineata","trilineata",116.16,54.22,37.46,25.51,18.72,14.53,22.39,40,68.92,21.679357673993
"1031","NHMWien","Lacerta trilineata","trilineata","trilineata","10875.5","F","Lacerta_trilineata_trilineata","trilineata",114.57,56.23,35.07,23.53,15.8,12.85,21.63,34.97,64.63,19.238239491088
"578","NHMLondon","Lacerta trilineata","trilineata","trilineata","1917.5.11.9","M","Lacerta_trilineata_trilineata","trilineata",157,70.89,54.2,39.36,26.61,21.54,35.94,46.83,84.55,31.4361935012433
"581","ZFMK Bonn","Lacerta trilineata","trilineata","trilineata","3328","M","Lacerta_trilineata_trilineata","trilineata",144,67.48,54.1,36.96,24.2,20.13,32.95,44.84,76.86,29.7590321091591
"582","ZFMK Bonn","Lacerta trilineata","trilineata","trilineata","3504","M","Lacerta_trilineata_trilineata","trilineata",140,66.26,49.53,34.7,24,20.97,31.43,46.04,80.57,29.2118682599058
"589","NHMLondon","Lacerta trilineata","trilineata","trilineata","93.2.28.1","M","Lacerta_trilineata_trilineata","trilineata",158,75.58,56.82,40.3,27.6,23.3,35.97,45.9,85.48,33.1834913327721
"595","ZFMK Bonn","Lacerta trilineata","trilineata","trilineata","1892","M","Lacerta_trilineata_trilineata","trilineata",157,79.65,52.76,38.26,26.96,24.42,34.56,51.74,87.01,32.6279742919823
"598","NHMLondon","Lacerta trilineata","trilineata","trilineata","1928.12.8.5","M","Lacerta_trilineata_trilineata","trilineata",142,71.39,54.8,35.47,24.45,21.19,31.58,45.87,79.84,30.5068096951182
"605","ZFMK Bonn","Lacerta trilineata","trilineata","trilineata","3245","M","Lacerta_trilineata_trilineata","trilineata",155,71.3,56.88,38.66,28.1,24.7,34.29,43.16,82.98,34.0503008635205
"606","ZFMK Bonn","Lacerta trilineata","trilineata","trilineata","3246","M","Lacerta_trilineata_trilineata","trilineata",157.5,77.12,53.89,38.6,28,24.84,33.64,43.44,79.27,33.46616403923
"624","ZFMK Bonn","Lacerta trilineata","trilineata","trilineata","3714","M","Lacerta_trilineata_trilineata","trilineata",141,66.5,48.17,33.02,23.42,19.11,30.58,45.68,76.38,27.8318072502902
"630","ZFMK Bonn","Lacerta trilineata","trilineata","trilineata","3732","M","Lacerta_trilineata_trilineata","trilineata",142,69.92,49.28,34.13,24.71,25.07,31.77,44.56,75.43,31.2535431471883
"633","ZFMK Bonn","Lacerta trilineata","trilineata","trilineata","50814","M","Lacerta_trilineata_trilineata","trilineata",165,78.86,53.64,42.22,31.27,27.24,38.22,47,75.43,35.7498796864909
"636","NMPrague","Lacerta trilineata","trilineata","trilineata","72230","M","Lacerta_trilineata_trilineata","trilineata",161,75.52,61.08,39.56,28.85,25.61,35.49,49.52,87.83,35.6028535723387
"642","ZFMK Bonn","Lacerta trilineata","trilineata","trilineata","96696","M","Lacerta_trilineata_trilineata","trilineata",139,68.08,52.27,35.01,25.04,21.58,32.75,45.47,78.09,30.4541223596578
"645","ZFMK Bonn","Lacerta trilineata","trilineata","trilineata","96699","M","Lacerta_trilineata_trilineata","trilineata",148.5,76.78,49.82,36.83,30.55,25.46,31.58,44.06,78.31,33.8395396027898
"1028","NHMWien","Lacerta trilineata","trilineata","trilineata","10874.8","M","Lacerta_trilineata_trilineata","trilineata",163,79.3,56.62,41,29.17,25.01,36.88,48.12,85.71,34.5679263997826
"693","ZFMK Bonn","Lacerta viridis","viridis","viridis","3331","F","Lacerta_viridis_viridis","viridis",119.85,63.53,35,24.76,16.86,14.86,22.4,35.73,57.72,20.6212414822483
"701","NMPrague","Lacerta viridis","viridis","viridis","9144","F","Lacerta_viridis_viridis","viridis",114.08,59.6,37.26,23.84,15.65,15.91,21.62,35.51,59.57,21.012406342629
"706","NMPrague","Lacerta viridis","viridis","viridis","356174","F","Lacerta_viridis_viridis","viridis",113.09,58.92,31.8,23.95,16.14,13.67,22.07,33.2,55.7,19.1440162822698
"718","ZFMK Bonn","Lacerta viridis","viridis","viridis","3222","F","Lacerta_viridis_viridis","viridis",122.05,68.55,37.78,24.5,17.2,15.01,22.42,36.5,59.31,21.3660232958401
"721","ZFMK Bonn","Lacerta viridis","viridis","viridis","3336","F","Lacerta_viridis_viridis","viridis",114.45,63.53,32.96,21.77,14.03,13.11,19.8,33.37,53.13,18.234023992575
"722","NHMLondon","Lacerta viridis","viridis","viridis","97.10.26.6","F","Lacerta_viridis_viridis","viridis",115.32,60.13,35.17,22.56,15.74,13.64,19.32,34.28,52.85,19.618410710164
"727","MNHN Paris","Lacerta viridis","viridis","viridis","1918.99","F","Lacerta_viridis_viridis","viridis",115,61.83,35.61,23.64,15.27,12.78,21.22,33.9,55.45,19.0830280289738
"733","NHMLondon","Lacerta viridis","viridis","viridis","1931.10.9.25","F","Lacerta_viridis_viridis","viridis",114.95,60.61,33.68,24.08,16.34,13,20.81,35.48,58.07,19.2688514714993
"737","ZFMK Bonn","Lacerta viridis","viridis","viridis","3226","F","Lacerta_viridis_viridis","viridis",115.85,61.42,36.08,23.22,16.66,14.24,21.43,33.38,56.42,20.4558331066565
"741","ZFMK Bonn","Lacerta viridis","viridis","viridis","3233","F","Lacerta_viridis_viridis","viridis",112.75,57.68,34.84,24.51,16.15,13.78,21.29,35.72,67.41,19.79246855006
"751","NHMLondon","Lacerta viridis","viridis","viridis","1894.12.31.12","F","Lacerta_viridis_viridis","viridis",113.96,60.23,34.5,23.49,15.09,12.58,20.5,34.8,52.48,18.7095349202801
"771","NMPrague","Lacerta viridis","viridis","viridis","35211/5","F","Lacerta_viridis_viridis","viridis",112.24,64.41,31.37,22.31,15.48,12.8,20.14,32.5,49.84,18.3864752533847
"773","NMPrague","Lacerta viridis","viridis","viridis","8991","F","Lacerta_viridis_viridis","viridis",116.35,61.13,34,23.84,16.87,14.38,22.08,34.79,56.76,20.2046327968291
"776","NMPrague","Lacerta viridis","viridis","viridis","8996","F","Lacerta_viridis_viridis","viridis",118.82,66.02,33.26,23.36,16.13,14.44,20.83,33.1,55.05,19.7867561606006
"1063","NHMWien","Lacerta viridis","viridis","viridis","10830.1","F","Lacerta_viridis_viridis","viridis",124,66.67,37.04,25.16,15.64,14.44,22.48,36.45,58.82,20.2997944311732
"688","ZFMK Bonn","Lacerta viridis","viridis","viridis","50471","M","Lacerta_viridis_viridis","viridis",123,64.54,37.02,28.93,21.41,17.88,25.29,36.06,58.94,24.1995263300044
"689","ZFMK Bonn","Lacerta viridis","viridis","viridis","76694","M","Lacerta_viridis_viridis","viridis",111.35,52.81,37.71,26.82,20.37,17.92,24.67,33.25,54.54,23.9659797988657
"691","ZFMK Bonn","Lacerta viridis","viridis","viridis","89412","M","Lacerta_viridis_viridis","viridis",119.71,56.37,38.55,27.76,21.13,17.93,25.41,38.27,61.78,24.4437625534111
"710","NHMLondon","Lacerta viridis","viridis","viridis","85.7.15.2","M","Lacerta_viridis_viridis","viridis",115.02,57.01,38.91,27.87,20,16.78,24.6,34.36,52.84,23.5483813872144
"724","MNHN Paris","Lacerta viridis","viridis","viridis","1917.185","M","Lacerta_viridis_viridis","viridis",137.86,66.68,49.86,32.6,23.02,19.74,28.63,42.56,71.86,28.2966428894516
"730","NHMLondon","Lacerta viridis","viridis","viridis","1931.10.9.21","M","Lacerta_viridis_viridis","viridis",112.5,54.68,36.82,28.12,17.61,15.85,24.9,40.67,65.65,21.7415649997713
"731","NHMLondon","Lacerta viridis","viridis","viridis","1931.10.9.22","M","Lacerta_viridis_viridis","viridis",115.91,53.75,43.17,28.88,20,19.37,26.29,36.6,59.35,25.5729338368225
"734","NHMLondon","Lacerta viridis","viridis","viridis","1931.10.9.25b","M","Lacerta_viridis_viridis","viridis",127.5,54.03,46.06,31.3,20.76,17.88,29.36,41.6,66.03,25.7616059175259
"735","NHMLondon","Lacerta viridis","viridis","viridis","1931.12.15.1","M","Lacerta_viridis_viridis","viridis",121.38,53.15,43.11,30.67,21.03,18.11,27.12,38.44,61.12,25.4162758453041
"736","ZFMK Bonn","Lacerta viridis","viridis","viridis","3225","M","Lacerta_viridis_viridis","viridis",117.72,57.9,40.03,27.27,20.22,17.53,24.45,35.55,57.24,24.2093364346219
"756","NHMLondon","Lacerta viridis","viridis","viridis","1965.1307","M","Lacerta_viridis_viridis","viridis",95.9,45,34.07,23.64,14.65,12.14,21.05,32.48,53.9,18.2309576269715
"764","NMPrague","Lacerta viridis","viridis","viridis","35172/3","M","Lacerta_viridis_viridis","viridis",106.47,50.72,34.69,26,18.25,15.96,23.59,35.49,55.07,21.618888013977
"769","NMPrague","Lacerta viridis","viridis","viridis","35211/2","M","Lacerta_viridis_viridis","viridis",98.79,45.15,37.62,26.07,18.67,16.64,23.04,35.96,53.1,22.6937087600325
"770","NMPrague","Lacerta viridis","viridis","viridis","35211/3","M","Lacerta_viridis_viridis","viridis",117.46,61.96,35.18,27.47,19.71,16.85,24.65,35.63,57.72,22.6913737009672
"1065","NHMWien","Lacerta viridis","viridis","viridis","10830.3","M","Lacerta_viridis_viridis","viridis",108.03,47.95,37.73,26.16,17.22,14.14,23.7,34.21,58.35,20.9438468715867
